doi,title,type,publisher,url,first_lane
10.1001/archdermatol.2009.327,October 2009 Archives Web Quiz Winner,journal-article,American Medical Association (AMA),https://doi.org/10.1001/archdermatol.2009.327,web search information retrieval
10.1001/archdermatol.2009.339,Publishing Online Ahead of Print,journal-article,American Medical Association (AMA),https://doi.org/10.1001/archdermatol.2009.339,online advertising measurement
10.1001/archdermatol.2009.370,Selection of Patients for Long-term Surveillance With Digital Dermoscopy by Assessment of Melanoma Risk Factors,journal-article,American Medical Association (AMA),https://doi.org/10.1001/archdermatol.2009.370,financial literacy digital tools
10.1001/archdermatol.2009.390,November 2009 Archives Web Quiz Winner,journal-article,American Medical Association (AMA),https://doi.org/10.1001/archdermatol.2009.390,programmatic SEO web content
10.1001/archdermatol.2010.131,April 2010 Archives Web Quiz Winner,journal-article,American Medical Association (AMA),https://doi.org/10.1001/archdermatol.2010.131,web crawling indexing
10.1001/archdermatol.2010.23,January 2010 Archives Web Quiz Winner,journal-article,American Medical Association (AMA),https://doi.org/10.1001/archdermatol.2010.23,programmatic SEO web content
10.1001/archdermatol.2010.5,December 2009 Archives Web Quiz Winner,journal-article,American Medical Association (AMA),https://doi.org/10.1001/archdermatol.2010.5,programmatic SEO web content
10.1001/archdermatol.2010.61,February 2010 Archives Web Quiz Winner,journal-article,American Medical Association (AMA),https://doi.org/10.1001/archdermatol.2010.61,web crawling indexing
10.1001/archdermatol.2010.94,March 2010 Archives Web Quiz Winner,journal-article,American Medical Association (AMA),https://doi.org/10.1001/archdermatol.2010.94,web crawling indexing
10.1001/archfacial.2009.105,Orbicularis Suspension Flap and Its Effect on Lower Eyelid Position,journal-article,SAGE Publications,https://doi.org/10.1001/archfacial.2009.105,financial literacy digital tools
10.1001/archgenpsychiatry.2009.173,"Brief, Personality-Targeted Coping Skills Interventions and Survival as a Non–Drug User Over a 2-Year Period During Adolescence",journal-article,American Medical Association (AMA),https://doi.org/10.1001/archgenpsychiatry.2009.173,web performance user experience
10.1001/archgenpsychiatry.2009.204,Support for the Vascular Depression Hypothesis in Late-Life Depression,journal-article,American Medical Association (AMA),https://doi.org/10.1001/archgenpsychiatry.2009.204,financial decision support tools
10.1001/archgenpsychiatry.2010.11,"A Placebo-Controlled Trial of Phenelzine, Cognitive Behavioral Group Therapy, and Their Combination for Social Anxiety Disorder",journal-article,American Medical Association (AMA),https://doi.org/10.1001/archgenpsychiatry.2010.11,behavioral economics saving
10.1001/archgenpsychiatry.2010.5,Error in Results in: Efficacy of an Internet-Based Behavioral Intervention for Adults With Insomnia,journal-article,American Medical Association (AMA),https://doi.org/10.1001/archgenpsychiatry.2010.5,behavioral economics saving
10.1001/archinternmed.2009.435,Omission of Affiliation Information in: Can the Food and Drug Administration Ensure That Our Pharmaceuticals Are Safely Manufactured?,journal-article,American Medical Association (AMA),https://doi.org/10.1001/archinternmed.2009.435,web search information retrieval
10.1001/archinternmed.2009.480,The Dietary Supplement Health and Education Act: Time for a Reassessment,journal-article,American Medical Association (AMA),https://doi.org/10.1001/archinternmed.2009.480,personal finance education
10.1001/archinternmed.2009.485,Can We Really Achieve a 1-Year Mortality Rate Lower Than 10% in Patients With Infective Endocarditis?,journal-article,American Medical Association (AMA),https://doi.org/10.1001/archinternmed.2009.485,search click through rate
10.1001/archinternmed.2009.486,Can We Really Achieve a 1-Year Mortality Rate Lower Than 10% in Patients With Infective Endocarditis?—Reply,journal-article,American Medical Association (AMA),https://doi.org/10.1001/archinternmed.2009.486,search click through rate
10.1001/archinternmed.2009.496,Drug Safety: Are We Making Progress?,journal-article,American Medical Association (AMA),https://doi.org/10.1001/archinternmed.2009.496,structured data semantic web search
10.1001/archinternmed.2009.502,Providing Patients With Global Cardiovascular Risk Information,journal-article,American Medical Association (AMA),https://doi.org/10.1001/archinternmed.2009.502,web search information retrieval
10.1001/archinternmed.2009.516,The Effect of Giving Global Coronary Risk Information to Adults,journal-article,American Medical Association (AMA),https://doi.org/10.1001/archinternmed.2009.516,web search information retrieval
10.1001/archinternmed.2009.524,Pharmaceutical Industry Support and Residency Education,journal-article,American Medical Association (AMA),https://doi.org/10.1001/archinternmed.2009.524,investment education simulator
10.1001/archinternmed.2009.529,Does Graduate Medical Education Also Follow Green?,journal-article,American Medical Association (AMA),https://doi.org/10.1001/archinternmed.2009.529,investment education simulator
10.1001/archinternmed.2010.23,Metrics for Evaluating the Utility of Patient-Centered Decision Tools,journal-article,American Medical Association (AMA),https://doi.org/10.1001/archinternmed.2010.23,financial literacy digital tools
10.1001/archinternmed.2010.24,Metrics for Evaluating the Utility of Patient-Centered Decision Tools--Reply,journal-article,American Medical Association (AMA),https://doi.org/10.1001/archinternmed.2010.24,financial literacy digital tools
10.1001/archinternmed.2010.39,The Impact of Disclosing Financial Ties in Research and Clinical Care,journal-article,American Medical Association (AMA),https://doi.org/10.1001/archinternmed.2010.39,financial calculator consumer
10.1001/archinternmed.2010.72,Sodium Content of Lunchtime Fast Food Purchases at Major US Chains,journal-article,American Medical Association (AMA),https://doi.org/10.1001/archinternmed.2010.72,programmatic SEO web content
10.1001/archinternmed.2010.80,Is Emergency Research Without Initial Consent Justified?,journal-article,American Medical Association (AMA),https://doi.org/10.1001/archinternmed.2010.80,privacy consent digital advertising
10.1001/archinternmed.2010.90,Less Is More,journal-article,American Medical Association (AMA),https://doi.org/10.1001/archinternmed.2010.90,search result snippets metadata
10.1001/archneurol.2009.317,Anti–N-methyl-D-aspartate Receptor Encephalitis,journal-article,American Medical Association (AMA),https://doi.org/10.1001/archneurol.2009.317,behavioral economics saving
10.1001/archopht.125.5.718,Through a Yellow Glass Darkly,journal-article,American Medical Association (AMA),https://doi.org/10.1001/archopht.125.5.718,search click through rate
10.1001/archopht.128.2.172,Publishing Online Ahead of Print,journal-article,American Medical Association (AMA),https://doi.org/10.1001/archopht.128.2.172,online advertising measurement
10.1001/archophthalmol.2009.318,August 2009 Archives Web Quiz Winner,journal-article,American Medical Association (AMA),https://doi.org/10.1001/archophthalmol.2009.318,web search information retrieval
10.1001/archophthalmol.2009.331,September 2009 Archives Web Quiz Winner,journal-article,American Medical Association (AMA),https://doi.org/10.1001/archophthalmol.2009.331,web search information retrieval
10.1001/archophthalmol.2009.335,Informing Patient Choice and Consent,journal-article,American Medical Association (AMA),https://doi.org/10.1001/archophthalmol.2009.335,privacy consent digital advertising
10.1001/archophthalmol.2009.377,October 2009 Archives Web Quiz Winner,journal-article,American Medical Association (AMA),https://doi.org/10.1001/archophthalmol.2009.377,programmatic SEO web content
10.1001/archophthalmol.2009.380,"Rate of Endophthalmitis After Cataract Surgery in Quebec, Canada, 1996-2005",journal-article,American Medical Association (AMA),https://doi.org/10.1001/archophthalmol.2009.380,conversion rate optimization web
10.1001/archophthalmol.2009.402,Moving Toward Information in the Blink of an Eye,journal-article,American Medical Association (AMA),https://doi.org/10.1001/archophthalmol.2009.402,web search information retrieval
10.1001/archoto.2009.184,Pediatric Sialendoscopy,journal-article,American Medical Association (AMA),https://doi.org/10.1001/archoto.2009.184,web performance user experience
10.1001/archoto.2010.5,Informed Consent in Pediatric Surgery,journal-article,American Medical Association (AMA),https://doi.org/10.1001/archoto.2010.5,privacy consent digital advertising
10.1001/archoto.2010.90,Lack of Financial Barriers to Pediatric Cochlear Implantation,journal-article,American Medical Association (AMA),https://doi.org/10.1001/archoto.2010.90,financial calculator consumer
10.1001/archpediatrics.2009.243,Asthma Care Quality for Children With Minority-Serving Providers,journal-article,American Medical Association (AMA),https://doi.org/10.1001/archpediatrics.2009.243,machine translation quality web
10.1001/archpediatrics.2009.252,"Health Care Worker Knowledge, Attitudes, and Beliefs Regarding Mandatory Influenza Vaccination",journal-article,American Medical Association (AMA),https://doi.org/10.1001/archpediatrics.2009.252,knowledge graph search
10.1001/archpediatrics.2009.254,Male Circumcision: New Information About Health Benefits,journal-article,American Medical Association (AMA),https://doi.org/10.1001/archpediatrics.2009.254,web search information retrieval
10.1001/archpediatrics.2009.269,Parents' Medication Administration Errors,journal-article,American Medical Association (AMA),https://doi.org/10.1001/archpediatrics.2009.269,financial literacy digital tools
10.1001/archpediatrics.2010.119,Maximizing the Clinical Relevance of Sexual Abstinence–Only Program Evaluations,journal-article,American Medical Association (AMA),https://doi.org/10.1001/archpediatrics.2010.119,search ranking relevance
10.1001/archpediatrics.2010.166,"Household, Family, and Child Risk Factors After an Investigation for Suspected Child Maltreatment",journal-article,American Medical Association (AMA),https://doi.org/10.1001/archpediatrics.2010.166,budgeting saving household finance
10.1001/archsurg.2009.137,Conversion of Emergent Cricothyrotomy to Tracheotomy in Trauma Patients,journal-article,American Medical Association (AMA),https://doi.org/10.1001/archsurg.2009.137,conversion rate optimization web
10.1001/archsurg.2009.225,"Small Incision, Big Surgeon: Laparoscopic Liver Resection for Tumors Without a Doubt",journal-article,American Medical Association (AMA),https://doi.org/10.1001/archsurg.2009.225,web performance user experience
10.1001/archsurg.2009.229,Laparoscopic Liver Resection for Malignant and Benign Lesions,journal-article,American Medical Association (AMA),https://doi.org/10.1001/archsurg.2009.229,web performance user experience
10.1001/archsurg.2009.240,Decision Modeling to Estimate the Impact of Gastric Bypass Surgery on Life Expectancy for the Treatment of Morbid Obesity,journal-article,American Medical Association (AMA),https://doi.org/10.1001/archsurg.2009.240,financial decision support tools
10.1001/archsurg.2009.243,Total Laparoscopic Pancreaticoduodenectomy,journal-article,American Medical Association (AMA),https://doi.org/10.1001/archsurg.2009.243,web performance user experience
10.1001/archsurg.2009.252,Error in Author Affiliations in: Downwardly Mobile: the Accidental Cost of Being Uninsured,journal-article,American Medical Association (AMA),https://doi.org/10.1001/archsurg.2009.252,mobile web search usability
10.1001/archsurg.2009.266,"A Unified Approach to Validation, Reliability, and Education Study Design for Surgical Technical Skills Training",journal-article,American Medical Association (AMA),https://doi.org/10.1001/archsurg.2009.266,personal finance education
10.1001/archsurg.2010.108,Are Additional Localization Studies and Referral Indicated for Patients With Primary Hyperparathyroidism Who Have Negative Sestamibi Scan Results?,journal-article,American Medical Association (AMA),https://doi.org/10.1001/archsurg.2010.108,website localization search
10.1001/archsurg.2010.176,Letting Weary Surgeons Sleep and Saving Money,journal-article,American Medical Association (AMA),https://doi.org/10.1001/archsurg.2010.176,budgeting saving household finance
10.1001/archsurg.2010.45,A Randomized Controlled Trial to Assess the Effect of Audiotaped Consultations on the Quality of Informed Consent in Cardiac Surgery,journal-article,American Medical Association (AMA),https://doi.org/10.1001/archsurg.2010.45,privacy consent digital advertising
10.1001/archsurg.2011.2281,Clinical Calculator of Conditional Survival Estimates for Resected and Unresected Survivors of Pancreatic Cancer,journal-article,American Medical Association (AMA),https://doi.org/10.1001/archsurg.2011.2281,mortgage loan calculator
10.1001/dmphp.4.2.178,"Planning, Preparedness, and Response to H1N1 and Seasonal Influenza",journal-article,Cambridge University Press (CUP),https://doi.org/10.1001/dmphp.4.2.178,retirement planning calculator
10.1001/jama.2009.1862,Researchers Hope Measuring Performance Will Improve Stroke Care and Prevention,journal-article,American Medical Association (AMA),https://doi.org/10.1001/jama.2009.1862,web performance user experience
10.1001/jama.2009.1956,Garnering Support for Advance Care Planning,journal-article,American Medical Association (AMA),https://doi.org/10.1001/jama.2009.1956,retirement planning calculator
10.1001/jama.2009.1961,FDA Weighs Limits for Online Ads,journal-article,American Medical Association (AMA),https://doi.org/10.1001/jama.2009.1961,online advertising measurement
10.1001/jama.2009.2001,Information Missing for Author of Book Review in: Perioperative Medicine: Managing for Outcome,journal-article,American Medical Association (AMA),https://doi.org/10.1001/jama.2009.2001,web search information retrieval
10.1001/jama.2010.109,"Incomplete Financial Disclosures in an Editorial, Clinical Crossroads, and Reply Letter Related to Herpes Zoster",journal-article,American Medical Association (AMA),https://doi.org/10.1001/jama.2010.109,financial literacy digital tools
10.1001/jama.2010.110,Incomplete Financial Disclosure in: A 70-Year-Old Woman With Shingles: Review of Herpes Zoster,journal-article,American Medical Association (AMA),https://doi.org/10.1001/jama.2010.110,financial literacy digital tools
10.1001/jama.2010.111,Incomplete Financial Disclosure in: Herpes Zoster in the Age of Focused Immunosuppressive Therapy,journal-article,American Medical Association (AMA),https://doi.org/10.1001/jama.2010.111,financial literacy digital tools
10.1001/jama.2010.12,Medical Students and Unprofessional Online Content,journal-article,American Medical Association (AMA),https://doi.org/10.1001/jama.2010.12,programmatic SEO web content
10.1001/jama.2010.120,Potential for Revealing Individual-Level Information in Genome-wide Association Studies,journal-article,American Medical Association (AMA),https://doi.org/10.1001/jama.2010.120,multilingual information retrieval
10.1001/jama.2010.13,Medical Students and Unprofessional Online Content,journal-article,American Medical Association (AMA),https://doi.org/10.1001/jama.2010.13,programmatic SEO web content
10.1001/jama.2010.14,Medical Students and Unprofessional Online Content—Reply,journal-article,American Medical Association (AMA),https://doi.org/10.1001/jama.2010.14,programmatic SEO web content
10.1001/jama.2010.19,Tools to Assess Clinical Skills of Medical Trainees,journal-article,American Medical Association (AMA),https://doi.org/10.1001/jama.2010.19,financial literacy digital tools
10.1001/jama.2010.20,Tools to Assess Clinical Skills of Medical Trainees,journal-article,American Medical Association (AMA),https://doi.org/10.1001/jama.2010.20,financial literacy digital tools
10.1001/jama.2010.21,Tools to Assess Clinical Skills of Medical Trainees—Reply,journal-article,American Medical Association (AMA),https://doi.org/10.1001/jama.2010.21,financial literacy digital tools
10.1001/jama.2010.23,Promoting Health Through Tobacco Taxation,journal-article,American Medical Association (AMA),https://doi.org/10.1001/jama.2010.23,search click through rate
10.1001/jama.2010.25,Continuing Medical Education,journal-article,American Medical Association (AMA),https://doi.org/10.1001/jama.2010.25,personal finance education
10.1001/jama.2010.300,MEDLINE Goes Mobile,journal-article,American Medical Association (AMA),https://doi.org/10.1001/jama.2010.300,mobile web search usability
10.1001/jama.2010.309,Informed Consent to Promote Patient-Centered Care,journal-article,American Medical Association (AMA),https://doi.org/10.1001/jama.2010.309,privacy consent digital advertising
10.1001/jama.2010.394,Variation in Critical Care Beds Per Capita in the United States: Implications for Pandemic and Disaster Planning,journal-article,American Medical Association (AMA),https://doi.org/10.1001/jama.2010.394,retirement planning calculator
10.1001/jama.2010.40,Office of Inspector General: CDC Lax in Policing Advisors’ Conflicts of Interest,journal-article,American Medical Association (AMA),https://doi.org/10.1001/jama.2010.40,compound interest financial education
10.1001/jama.2010.409,"Health Care Insurance, Financial Concerns in Accessing Care, and Delays to Hospital Presentation in Acute Myocardial Infarction",journal-article,American Medical Association (AMA),https://doi.org/10.1001/jama.2010.409,financial calculator consumer
10.1001/jama.2010.414,Reducing Distracted Driving,journal-article,American Medical Association (AMA),https://doi.org/10.1001/jama.2010.414,advertising invalid traffic fraud
10.1001/jama.2010.49,Radiology Education: The Scholarship of Teaching and Learning,journal-article,American Medical Association (AMA),https://doi.org/10.1001/jama.2010.49,personal finance education
10.1001/jama.2010.500,"Autonomy, Informed Consent and Medical Law: A Relational Challenge",journal-article,American Medical Association (AMA),https://doi.org/10.1001/jama.2010.500,privacy consent digital advertising
10.1001/jama.2010.568,Medicare Fraud,journal-article,American Medical Association (AMA),https://doi.org/10.1001/jama.2010.568,advertising invalid traffic fraud
10.1001/jama.2010.59,Financial Disclosure Source Incorrectly Named in: Clinical Care in the Aging Century: Announcing ‘Care of the Aging Patient: From Evidence to Action’,journal-article,American Medical Association (AMA),https://doi.org/10.1001/jama.2010.59,financial literacy digital tools
10.1001/jama.2010.693,Failure to Report Financial Disclosure Information in a Study of Gastric Banding in Adolescent Obesity,journal-article,American Medical Association (AMA),https://doi.org/10.1001/jama.2010.693,financial calculator consumer
10.1001/jama.2010.694,Incomplete Financial Disclosures in: Laparoscopic Adjustable Gastric Banding in Severely Obese Adolescents: A Randomized Trial,journal-article,American Medical Association (AMA),https://doi.org/10.1001/jama.2010.694,financial calculator consumer
10.1001/jama.2010.723,IOM Recommends Federal Regulation Over the Salt Content of Certain Foods,journal-article,American Medical Association (AMA),https://doi.org/10.1001/jama.2010.723,canonical URL duplicate content
10.1001/jama.2010.774,Managing Financial Conflict of Interest in Biomedical Research,journal-article,American Medical Association (AMA),https://doi.org/10.1001/jama.2010.774,financial calculator consumer
10.1001/jama.2010.794,Financial Disclosure Clarification in: Surgical Treatment of Obesity in Adolescence,journal-article,American Medical Association (AMA),https://doi.org/10.1001/jama.2010.794,financial calculator consumer
10.1001/jama.2013.279825,<i>Liberty Loan Parade</i>,journal-article,American Medical Association (AMA),https://doi.org/10.1001/jama.2013.279825,mortgage loan calculator
10.1001/jamainternmed.2014.5336,Further Insight Into the Cardiovascular Risk Calculator,journal-article,American Medical Association (AMA),https://doi.org/10.1001/jamainternmed.2014.5336,mortgage loan calculator
10.1001/jamainternmed.2015.69,Further Insight Into the Cardiovascular Risk Calculator,journal-article,American Medical Association (AMA),https://doi.org/10.1001/jamainternmed.2015.69,mortgage loan calculator
10.1001/jamasurg.2014.3176,Risk of Discharge to Postacute Care,journal-article,American Medical Association (AMA),https://doi.org/10.1001/jamasurg.2014.3176,mortgage loan calculator
10.1002/0471141755.ph0913s50,Label‐Free Imaging and Temporal Signature in Phenotypic Cellular Assays: A New Approach to High‐Content Screening,journal-article,Wiley,https://doi.org/10.1002/0471141755.ph0913s50,canonical URL duplicate content
10.1002/0471142700.nc0903s40,In Vitro Selection of RNA Aptamers to a Protein Target by Filter Immobilization,journal-article,Wiley,https://doi.org/10.1002/0471142700.nc0903s40,programmatic SEO web content
10.1002/0471142727.mb1910s89,Galaxy: A Web‐Based Genome Analysis Tool for Experimentalists,journal-article,Wiley,https://doi.org/10.1002/0471142727.mb1910s89,web search information retrieval
10.1002/0471142727.mb2403s88,In Vitro Selection of RNA Aptamers to a Protein Target by Filter Immobilization,journal-article,Wiley,https://doi.org/10.1002/0471142727.mb2403s88,programmatic SEO web content
10.1002/0471142905.hg1111s65,Digital Gene Expression by Tag Sequencing on the Illumina Genome Analyzer,journal-article,Wiley,https://doi.org/10.1002/0471142905.hg1111s65,privacy consent digital advertising
10.1002/0471142956.cy0628s51,Measurement of T Cell Activation After 16‐hr In Vitro Stimulation with Concanavalin A,journal-article,Wiley,https://doi.org/10.1002/0471142956.cy0628s51,online advertising measurement
10.1002/0471142956.cy0702s52,Critical Aspects in Analysis of Cellular DNA Content,journal-article,Wiley,https://doi.org/10.1002/0471142956.cy0702s52,programmatic SEO web content
10.1002/0471142956.cy0931s51,Measurement of Phagocytosis and of the Phagosomal Environment in Polymorphonuclear Phagocytes by Flow Cytometry,journal-article,Wiley,https://doi.org/10.1002/0471142956.cy0931s51,online advertising measurement
10.1002/0471142956.cy1017s53,Web‐Based Analysis and Publication of Flow Cytometry Experiments,journal-article,Wiley,https://doi.org/10.1002/0471142956.cy1017s53,web crawling indexing
10.1002/047134608x.w8097,Knowledge‐Based Systems,other,Wiley,https://doi.org/10.1002/047134608x.w8097,knowledge graph search
10.1002/0471435139.tox010,Use of Toxicological Data in Evaluating Chemical Safety,other,Wiley,https://doi.org/10.1002/0471435139.tox010,structured data semantic web search
10.1002/0471463736.tnmp01,The Importance of Prognosis in Cancer Medicine,other,Wiley,https://doi.org/10.1002/0471463736.tnmp01,online advertising measurement
10.1002/0471463736.tnmp11,"Oral Cavity, Pharynx, and Larynx Cancer",other,Wiley,https://doi.org/10.1002/0471463736.tnmp11,online advertising measurement
10.1002/0471463736.tnmp12,Paranasal Sinus Cancer,other,Wiley,https://doi.org/10.1002/0471463736.tnmp12,online advertising measurement
10.1002/0471463736.tnmp13,Nasopharyngeal Carcinoma,other,Wiley,https://doi.org/10.1002/0471463736.tnmp13,online advertising measurement
10.1002/0471463736.tnmp14,Salivary Gland Cancers,other,Wiley,https://doi.org/10.1002/0471463736.tnmp14,online advertising measurement
10.1002/0471463736.tnmp15,Thyroid Cancer,other,Wiley,https://doi.org/10.1002/0471463736.tnmp15,online advertising measurement
10.1002/0471463736.tnmp16,Cancer of the Esophagus,other,Wiley,https://doi.org/10.1002/0471463736.tnmp16,online advertising measurement
10.1002/0471463736.tnmp17,Gastric Cancer,other,Wiley,https://doi.org/10.1002/0471463736.tnmp17,online advertising measurement
10.1002/0471463736.tnmp18,Colorectal Cancer,other,Wiley,https://doi.org/10.1002/0471463736.tnmp18,online advertising measurement
10.1002/0471463736.tnmp20,Hepatocellular Carcinoma,other,Wiley,https://doi.org/10.1002/0471463736.tnmp20,online advertising measurement
10.1002/0471463736.tnmp21,Extrahepatic Biliary Tract and the Ampulla of<scp>V</scp>ater Cancers,other,Wiley,https://doi.org/10.1002/0471463736.tnmp21,online advertising measurement
10.1002/0471463736.tnmp22,Cancer of the Pancreas,other,Wiley,https://doi.org/10.1002/0471463736.tnmp22,online advertising measurement
10.1002/0471463736.tnmp24,Malignant Pleural Mesothelioma,other,Wiley,https://doi.org/10.1002/0471463736.tnmp24,online advertising measurement
10.1002/0471463736.tnmp25,Malignant Thymoma,other,Wiley,https://doi.org/10.1002/0471463736.tnmp25,online advertising measurement
10.1002/0471463736.tnmp26,Osteosarcoma,other,Wiley,https://doi.org/10.1002/0471463736.tnmp26,online advertising measurement
10.1002/0471463736.tnmp27,Soft Tissue Sarcoma,other,Wiley,https://doi.org/10.1002/0471463736.tnmp27,online advertising measurement
10.1002/0471463736.tnmp28,Skin Cancer,other,Wiley,https://doi.org/10.1002/0471463736.tnmp28,online advertising measurement
10.1002/0471463736.tnmp29,Cutaneous Malignant Melanoma,other,Wiley,https://doi.org/10.1002/0471463736.tnmp29,online advertising measurement
10.1002/0471463736.tnmp30,Breast Cancer,other,Wiley,https://doi.org/10.1002/0471463736.tnmp30,online advertising measurement
10.1002/0471463736.tnmp31,Vulvar Cancer,other,Wiley,https://doi.org/10.1002/0471463736.tnmp31,online advertising measurement
10.1002/0471463736.tnmp32,Uterine Cervix Cancer,other,Wiley,https://doi.org/10.1002/0471463736.tnmp32,online advertising measurement
10.1002/0471463736.tnmp33,Endometrial Cancer,other,Wiley,https://doi.org/10.1002/0471463736.tnmp33,online advertising measurement
10.1002/0471463736.tnmp34,"Cancer of the Ovary and
            <scp>F</scp>
            allopian Tube",other,Wiley,https://doi.org/10.1002/0471463736.tnmp34,online advertising measurement
10.1002/0471463736.tnmp35,Gestational Trophoblastic Disease,other,Wiley,https://doi.org/10.1002/0471463736.tnmp35,online advertising measurement
10.1002/0471463736.tnmp36,Squamous‐cell Carcinoma of the Penis,other,Wiley,https://doi.org/10.1002/0471463736.tnmp36,online advertising measurement
10.1002/0471463736.tnmp37,Prostate Cancer,other,Wiley,https://doi.org/10.1002/0471463736.tnmp37,online advertising measurement
10.1002/0471463736.tnmp38,Germ‐cell Testis Tumors,other,Wiley,https://doi.org/10.1002/0471463736.tnmp38,online advertising measurement
10.1002/0471463736.tnmp39,Renal‐cell Carcinoma,other,Wiley,https://doi.org/10.1002/0471463736.tnmp39,online advertising measurement
10.1002/0471463736.tnmp40,Bladder Cancer,other,Wiley,https://doi.org/10.1002/0471463736.tnmp40,online advertising measurement
10.1002/0471463736.tnmp41,Intraocular Tumors,other,Wiley,https://doi.org/10.1002/0471463736.tnmp41,online advertising measurement
10.1002/0471463736.tnmp42,"<scp>H</scp>
            odgkin's Disease",other,Wiley,https://doi.org/10.1002/0471463736.tnmp42,online advertising measurement
10.1002/0471463736.tnmp43,"Non‐
            <scp>H</scp>
            odgkin's Malignant Lymphoma",other,Wiley,https://doi.org/10.1002/0471463736.tnmp43,online advertising measurement
10.1002/0471463736.tnmp44,Leukemia,other,Wiley,https://doi.org/10.1002/0471463736.tnmp44,online advertising measurement
10.1002/0471463736.tnmp45,Gliomas,other,Wiley,https://doi.org/10.1002/0471463736.tnmp45,online advertising measurement
10.1002/0471463736.tnmp46,Pediatric Cancers,other,Wiley,https://doi.org/10.1002/0471463736.tnmp46,online advertising measurement
10.1002/0471463744.tnms01,Explanatory Notes—General,other,Wiley,https://doi.org/10.1002/0471463744.tnms01,online advertising measurement
10.1002/0471463744.tnms01.pub2,Explanatory Notes—General,other,Wiley,https://doi.org/10.1002/0471463744.tnms01.pub2,online advertising measurement
10.1002/0471463744.tnms02,Explanatory Notes–Specific Anatomical Sites,other,Wiley,https://doi.org/10.1002/0471463744.tnms02,online advertising measurement
10.1002/0471463744.tnms02.pub2,Explanatory Notes—Specific Anatomical Sites,other,Wiley,https://doi.org/10.1002/0471463744.tnms02.pub2,online advertising measurement
10.1002/0471463744.tnms03,"Site‐Specific Recommendations for
            <scp>p</scp>
            <scp>T</scp>
            and
            <scp>p</scp>
            <scp>N</scp>",other,Wiley,https://doi.org/10.1002/0471463744.tnms03,online advertising measurement
10.1002/0471463744.tnms03.pub2,"Site‐Specific Recommendations for
            <scp>p</scp>
            <scp>T</scp>
            and
            <scp>p</scp>
            <scp>N</scp>",other,Wiley,https://doi.org/10.1002/0471463744.tnms03.pub2,online advertising measurement
10.1002/0471463744.tnms04,"New
            <scp>TNM</scp>
            Classifications Recommended for Testing",other,Wiley,https://doi.org/10.1002/0471463744.tnms04,online advertising measurement
10.1002/0471463744.tnms04.pub2,"New
            <scp>TNM</scp>
            Classifications Recommended for Testing",other,Wiley,https://doi.org/10.1002/0471463744.tnms04.pub2,online advertising measurement
10.1002/0471463744.tnms05,"Optional Proposals for Testing New Telescopic Ramifications of
            <scp>TNM</scp>",other,Wiley,https://doi.org/10.1002/0471463744.tnms05,online advertising measurement
10.1002/0471463744.tnms05.pub2,"Optional Proposals for Testing New Telescopic Ramifications of
            <scp>TNM</scp>",other,Wiley,https://doi.org/10.1002/0471463744.tnms05.pub2,online advertising measurement
10.1002/0471463744.tnms06,Frequently Asked Questions,other,Wiley,https://doi.org/10.1002/0471463744.tnms06,online advertising measurement
10.1002/0471463744.tnms06.pub2,Frequently Asked Questions,other,Wiley,https://doi.org/10.1002/0471463744.tnms06.pub2,online advertising measurement
10.1002/0471463752.tnmc01,Introduction,other,Wiley,https://doi.org/10.1002/0471463752.tnmc01,online advertising measurement
10.1002/0471463752.tnmc02,Head and Neck Tumours,other,Wiley,https://doi.org/10.1002/0471463752.tnmc02,online advertising measurement
10.1002/0471463752.tnmc03,Lip and Oral Cavity,other,Wiley,https://doi.org/10.1002/0471463752.tnmc03,online advertising measurement
10.1002/0471463752.tnmc04,Pharynx,other,Wiley,https://doi.org/10.1002/0471463752.tnmc04,online advertising measurement
10.1002/0471463752.tnmc06,Nasal Cavity and Paranasal Sinuses,other,Wiley,https://doi.org/10.1002/0471463752.tnmc06,online advertising measurement
10.1002/0471463752.tnmc08,Thyroid Gland,other,Wiley,https://doi.org/10.1002/0471463752.tnmc08,online advertising measurement
10.1002/0471463752.tnmc09,Digestive System Tumours,other,Wiley,https://doi.org/10.1002/0471463752.tnmc09,online advertising measurement
10.1002/0471463752.tnmc10,Oesophagus,other,Wiley,https://doi.org/10.1002/0471463752.tnmc10,online advertising measurement
10.1002/0471463752.tnmc13,Colon and Rectum,other,Wiley,https://doi.org/10.1002/0471463752.tnmc13,online advertising measurement
10.1002/0471463752.tnmc14,Anal Canal,other,Wiley,https://doi.org/10.1002/0471463752.tnmc14,online advertising measurement
10.1002/0471463752.tnmc15,Liver,other,Wiley,https://doi.org/10.1002/0471463752.tnmc15,online advertising measurement
10.1002/0471463752.tnmc16,Gallbladder,other,Wiley,https://doi.org/10.1002/0471463752.tnmc16,online advertising measurement
10.1002/0471463752.tnmc17,Extrahepatic Bile Ducts,other,Wiley,https://doi.org/10.1002/0471463752.tnmc17,online advertising measurement
10.1002/0471463752.tnmc18,"Ampulla of
            <scp>V</scp>
            ater",other,Wiley,https://doi.org/10.1002/0471463752.tnmc18,online advertising measurement
10.1002/0471463752.tnmc19,Pancreas,other,Wiley,https://doi.org/10.1002/0471463752.tnmc19,online advertising measurement
10.1002/0471463752.tnmc21,Lung,other,Wiley,https://doi.org/10.1002/0471463752.tnmc21,online advertising measurement
10.1002/0471463752.tnmc22,Pleural Mesothelioma,other,Wiley,https://doi.org/10.1002/0471463752.tnmc22,online advertising measurement
10.1002/0471463752.tnmc23,Tumours of Bone and Soft Tissues,other,Wiley,https://doi.org/10.1002/0471463752.tnmc23,online advertising measurement
10.1002/0471463752.tnmc24,Bone,other,Wiley,https://doi.org/10.1002/0471463752.tnmc24,online advertising measurement
10.1002/0471463752.tnmc25,Soft Tissues,other,Wiley,https://doi.org/10.1002/0471463752.tnmc25,online advertising measurement
10.1002/0471463752.tnmc26,Skin Tumours,other,Wiley,https://doi.org/10.1002/0471463752.tnmc26,online advertising measurement
10.1002/0471463752.tnmc27,"Carcinoma of Skin (Excluding Eyelid, Vulva, and Penis)",other,Wiley,https://doi.org/10.1002/0471463752.tnmc27,online advertising measurement
10.1002/0471463752.tnmc28,Malignant Melanoma of Skin,other,Wiley,https://doi.org/10.1002/0471463752.tnmc28,online advertising measurement
10.1002/0471463752.tnmc30,Gynaecological Tumours,other,Wiley,https://doi.org/10.1002/0471463752.tnmc30,online advertising measurement
10.1002/0471463752.tnmc31,Vulva,other,Wiley,https://doi.org/10.1002/0471463752.tnmc31,online advertising measurement
10.1002/0471463752.tnmc32,Vagina,other,Wiley,https://doi.org/10.1002/0471463752.tnmc32,online advertising measurement
10.1002/0471463752.tnmc35,Ovary,other,Wiley,https://doi.org/10.1002/0471463752.tnmc35,online advertising measurement
10.1002/0471463752.tnmc36,Fallopian Tube,other,Wiley,https://doi.org/10.1002/0471463752.tnmc36,online advertising measurement
10.1002/0471463752.tnmc38,Urological Tumours,other,Wiley,https://doi.org/10.1002/0471463752.tnmc38,online advertising measurement
10.1002/0471463752.tnmc40,Prostate,other,Wiley,https://doi.org/10.1002/0471463752.tnmc40,online advertising measurement
10.1002/0471463752.tnmc42,Kidney,other,Wiley,https://doi.org/10.1002/0471463752.tnmc42,online advertising measurement
10.1002/0471463752.tnmc43,Renal Pelvis and Ureter,other,Wiley,https://doi.org/10.1002/0471463752.tnmc43,online advertising measurement
10.1002/0471463752.tnmc44,Urinary Bladder,other,Wiley,https://doi.org/10.1002/0471463752.tnmc44,online advertising measurement
10.1002/0471463752.tnmc46,Ophthalmic Tumours,other,Wiley,https://doi.org/10.1002/0471463752.tnmc46,online advertising measurement
10.1002/0471463752.tnmc47,Carcinoma of Eyelid,other,Wiley,https://doi.org/10.1002/0471463752.tnmc47,online advertising measurement
10.1002/0471463752.tnmc48,Carcinoma of Conjunctiva,other,Wiley,https://doi.org/10.1002/0471463752.tnmc48,online advertising measurement
10.1002/0471463752.tnmc50,Malignant Melanoma of Uvea,other,Wiley,https://doi.org/10.1002/0471463752.tnmc50,online advertising measurement
10.1002/0471463752.tnmc51,Retinoblastoma,other,Wiley,https://doi.org/10.1002/0471463752.tnmc51,online advertising measurement
10.1002/0471463752.tnmc52,Sarcoma of Orbit,other,Wiley,https://doi.org/10.1002/0471463752.tnmc52,online advertising measurement
10.1002/0471463752.tnmc54,"<scp>H</scp>
            odgkin Lymphoma",other,Wiley,https://doi.org/10.1002/0471463752.tnmc54,online advertising measurement
10.1002/0471463752.tnmc55,"Non‐
            <scp>H</scp>
            odgkin Lymphomas",other,Wiley,https://doi.org/10.1002/0471463752.tnmc55,online advertising measurement
10.1002/14651858.cd000313.pub3,Discharge planning from hospital to home,reference-entry,"John Wiley & Sons, Ltd",https://doi.org/10.1002/14651858.cd000313.pub3,retirement planning calculator
10.1002/14651858.cd001863.pub2,Education for contraceptive use by women after childbirth,reference-entry,"John Wiley & Sons, Ltd",https://doi.org/10.1002/14651858.cd001863.pub2,personal finance education
10.1002/14651858.cd003109.pub2,Advanced trauma life support training for ambulance crews,reference-entry,"John Wiley & Sons, Ltd",https://doi.org/10.1002/14651858.cd003109.pub2,financial decision support tools
10.1002/14651858.cd004068.pub3,Postnatal parental education for optimizing infant general health and parent-infant relationships,reference-entry,"John Wiley & Sons, Ltd",https://doi.org/10.1002/14651858.cd004068.pub3,personal finance education
10.1002/14651858.cd004607.pub3,Speed cameras for the prevention of road traffic injuries and deaths,reference-entry,"John Wiley & Sons, Ltd",https://doi.org/10.1002/14651858.cd004607.pub3,advertising invalid traffic fraud
10.1002/14651858.cd005240.pub2,Motorcycle rider training for the prevention of road traffic crashes,journal-article,Wiley,https://doi.org/10.1002/14651858.cd005240.pub2,advertising invalid traffic fraud
10.1002/14651858.cd005426.pub2,Nutritional support for acute kidney injury,reference-entry,"John Wiley & Sons, Ltd",https://doi.org/10.1002/14651858.cd005426.pub2,financial decision support tools
10.1002/14651858.cd007297.pub2,Shared decision making interventions for people with mental health conditions,journal-article,Wiley,https://doi.org/10.1002/14651858.cd007297.pub2,financial decision support tools
10.1002/14651858.cd008220,Psychosocial interventions for retention in drug abuse treatment,reference-entry,"John Wiley & Sons, Ltd",https://doi.org/10.1002/14651858.cd008220,digital product user retention
10.1002/14651858.cd008273,Information interventions for orienting patients and their carers to cancer care facilities,reference-entry,"John Wiley & Sons, Ltd",https://doi.org/10.1002/14651858.cd008273,web search information retrieval
10.1002/14651858.cd008285,Reducing uncertainties about the effects of chemoradiotherapy for cervical cancer: individual patient data meta-analysis,journal-article,Wiley,https://doi.org/10.1002/14651858.cd008285,structured data semantic web search
10.1002/14651858.cd008315,The effectiveness of strategies to change organisational culture to improve healthcare performance,reference-entry,"John Wiley & Sons, Ltd",https://doi.org/10.1002/14651858.cd008315,web performance user experience
10.1002/14651858.cd008344,Nutritional support for liver disease,reference-entry,"John Wiley & Sons, Ltd",https://doi.org/10.1002/14651858.cd008344,financial decision support tools
10.1002/14651858.cd008345,Case/care management approaches to home support for people with dementia,reference-entry,"John Wiley & Sons, Ltd",https://doi.org/10.1002/14651858.cd008345,financial decision support tools
10.1002/14651858.cd008361,Narrow band imaging versus conventional white light colonoscopy for the detection of colorectal polyps,reference-entry,"John Wiley & Sons, Ltd",https://doi.org/10.1002/14651858.cd008361,web spam detection search
10.1002/14651858.cd008451,The effect of financial incentives on the quality of health care provided by primary care physicians,reference-entry,"John Wiley & Sons, Ltd",https://doi.org/10.1002/14651858.cd008451,financial calculator consumer
10.1002/14651858.cd008608,An overview of reviews evaluating the effects of financial incentives in changing healthcare professional behaviours and patient outcomes,reference-entry,"John Wiley & Sons, Ltd",https://doi.org/10.1002/14651858.cd008608,financial calculator consumer
10.1002/3527600418.mbe0diespyr,Substance Overview for Diesel engine emissions,other,Wiley,https://doi.org/10.1002/3527600418.mbe0diespyr,search engine optimization
10.1002/3527600418.mbe900301net,"Substance Overview for Acrylic acid polymer (neutralized, cross‐linked)",other,Wiley,https://doi.org/10.1002/3527600418.mbe900301net,cross lingual information retrieval
10.1002/9780470015902.a0003026.pub2,Biological Data Centres,other,Wiley,https://doi.org/10.1002/9780470015902.a0003026.pub2,structured data semantic web search
10.1002/9780470015902.a0005642.pub2,Informed Consent and Multiplex Genetic Screening,other,Wiley,https://doi.org/10.1002/9780470015902.a0005642.pub2,privacy consent digital advertising
10.1002/9780470015902.a0021907,Parental Care and Investment,other,Wiley,https://doi.org/10.1002/9780470015902.a0021907,investment education simulator
10.1002/9780470054581.eib016,"Agricultural Biotechnology, Food Safety, Risk, Consent, and Ethics",other,Wiley,https://doi.org/10.1002/9780470054581.eib016,privacy consent digital advertising
10.1002/9780470061602,Encyclopedia of Quantitative Finance,reference-book,Wiley,https://doi.org/10.1002/9780470061602,budgeting saving household finance
10.1002/9780470061602.eqf01001,"<scp>B</scp>
            achelier,
            <scp>L</scp>
            ouis (1870–1946)",other,Wiley,https://doi.org/10.1002/9780470061602.eqf01001,budgeting saving household finance
10.1002/9780470061602.eqf01003,"<scp>S</scp>
            amuelson,
            <scp>P</scp>
            aul
            <scp>A</scp>
            .",other,Wiley,https://doi.org/10.1002/9780470061602.eqf01003,budgeting saving household finance
10.1002/9780470061602.eqf01004,"<scp>B</scp>
            lack,
            <scp>F</scp>
            ischer",other,Wiley,https://doi.org/10.1002/9780470061602.eqf01004,budgeting saving household finance
10.1002/9780470061602.eqf01006,"Mandelbrot, Benoit",other,Wiley,https://doi.org/10.1002/9780470061602.eqf01006,budgeting saving household finance
10.1002/9780470061602.eqf01007,"<scp>S</scp>
            harpe,
            <scp>W</scp>
            illiam
            <scp>F</scp>
            .",other,Wiley,https://doi.org/10.1002/9780470061602.eqf01007,budgeting saving household finance
10.1002/9780470061602.eqf01008,"Markowitz, Harry",other,Wiley,https://doi.org/10.1002/9780470061602.eqf01008,budgeting saving household finance
10.1002/9780470061602.eqf01009,"Merton, Robert C.",other,Wiley,https://doi.org/10.1002/9780470061602.eqf01009,budgeting saving household finance
10.1002/9780470061602.eqf01010,Arbitrage: Historical Perspectives,other,Wiley,https://doi.org/10.1002/9780470061602.eqf01010,budgeting saving household finance
10.1002/9780470061602.eqf01011,Utility Theory: Historical Perspectives,other,Wiley,https://doi.org/10.1002/9780470061602.eqf01011,budgeting saving household finance
10.1002/9780470061602.eqf01012,"Itô, Kiyosi (1915–2008)",other,Wiley,https://doi.org/10.1002/9780470061602.eqf01012,budgeting saving household finance
10.1002/9780470061602.eqf01013,"Thorp, Edward",other,Wiley,https://doi.org/10.1002/9780470061602.eqf01013,budgeting saving household finance
10.1002/9780470061602.eqf01014,Option Pricing Theory: Historical Perspectives,other,Wiley,https://doi.org/10.1002/9780470061602.eqf01014,budgeting saving household finance
10.1002/9780470061602.eqf01015,Modern Portfolio Theory,other,Wiley,https://doi.org/10.1002/9780470061602.eqf01015,budgeting saving household finance
10.1002/9780470061602.eqf01017,Long‐Term Capital Management,other,Wiley,https://doi.org/10.1002/9780470061602.eqf01017,budgeting saving household finance
10.1002/9780470061602.eqf01018,Bubbles and Crashes,other,Wiley,https://doi.org/10.1002/9780470061602.eqf01018,budgeting saving household finance
10.1002/9780470061602.eqf01019,"Ross, Stephen",other,Wiley,https://doi.org/10.1002/9780470061602.eqf01019,budgeting saving household finance
10.1002/9780470061602.eqf01024,"Fisher, Irving",other,Wiley,https://doi.org/10.1002/9780470061602.eqf01024,budgeting saving household finance
10.1002/9780470061602.eqf01026,"Modigliani, Franco",other,Wiley,https://doi.org/10.1002/9780470061602.eqf01026,budgeting saving household finance
10.1002/9780470061602.eqf01029,"Arrow, Kenneth",other,Wiley,https://doi.org/10.1002/9780470061602.eqf01029,budgeting saving household finance
10.1002/9780470061602.eqf01031,Efficient Markets Theory: Historical Perspectives,other,Wiley,https://doi.org/10.1002/9780470061602.eqf01031,budgeting saving household finance
10.1002/9780470061602.eqf01034,Econophysics,other,Wiley,https://doi.org/10.1002/9780470061602.eqf01034,budgeting saving household finance
10.1002/9780470061602.eqf01036,"Kolmogorov, Andrei Nikolaevich",other,Wiley,https://doi.org/10.1002/9780470061602.eqf01036,budgeting saving household finance
10.1002/9780470061602.eqf01037,"Bernoulli, Jacob",other,Wiley,https://doi.org/10.1002/9780470061602.eqf01037,budgeting saving household finance
10.1002/9780470061602.eqf01038,"Treynor, Lawrence Jack",other,Wiley,https://doi.org/10.1002/9780470061602.eqf01038,budgeting saving household finance
10.1002/9780470061602.eqf01039,"Rubinstein, Edward Mark",other,Wiley,https://doi.org/10.1002/9780470061602.eqf01039,budgeting saving household finance
10.1002/9780470061602.eqf02001,Infinite Divisibility,other,Wiley,https://doi.org/10.1002/9780470061602.eqf02001,budgeting saving household finance
10.1002/9780470061602.eqf02002,Ornstein–Uhlenbeck Processes,other,Wiley,https://doi.org/10.1002/9780470061602.eqf02002,budgeting saving household finance
10.1002/9780470061602.eqf02003,Fractional Brownian Motion,other,Wiley,https://doi.org/10.1002/9780470061602.eqf02003,budgeting saving household finance
10.1002/9780470061602.eqf02004,Lévy Processes,other,Wiley,https://doi.org/10.1002/9780470061602.eqf02004,budgeting saving household finance
10.1002/9780470061602.eqf02005,Wiener–Hopf Decomposition,other,Wiley,https://doi.org/10.1002/9780470061602.eqf02005,budgeting saving household finance
10.1002/9780470061602.eqf02006,Poisson Process,other,Wiley,https://doi.org/10.1002/9780470061602.eqf02006,budgeting saving household finance
10.1002/9780470061602.eqf02007,Point Processes,other,Wiley,https://doi.org/10.1002/9780470061602.eqf02007,budgeting saving household finance
10.1002/9780470061602.eqf02008,Compensators,other,Wiley,https://doi.org/10.1002/9780470061602.eqf02008,budgeting saving household finance
10.1002/9780470061602.eqf02009,Heavy Tails,other,Wiley,https://doi.org/10.1002/9780470061602.eqf02009,budgeting saving household finance
10.1002/9780470061602.eqf02010,Filtering,other,Wiley,https://doi.org/10.1002/9780470061602.eqf02010,budgeting saving household finance
10.1002/9780470061602.eqf02011,Filtrations,other,Wiley,https://doi.org/10.1002/9780470061602.eqf02011,budgeting saving household finance
10.1002/9780470061602.eqf02012,Local Times,other,Wiley,https://doi.org/10.1002/9780470061602.eqf02012,budgeting saving household finance
10.1002/9780470061602.eqf02013,Stochastic Integrals,other,Wiley,https://doi.org/10.1002/9780470061602.eqf02013,budgeting saving household finance
10.1002/9780470061602.eqf02014,Equivalence of Probability Measures,other,Wiley,https://doi.org/10.1002/9780470061602.eqf02014,budgeting saving household finance
10.1002/9780470061602.eqf02015,Skorokhod Embedding,other,Wiley,https://doi.org/10.1002/9780470061602.eqf02015,budgeting saving household finance
10.1002/9780470061602.eqf02016,Markov Processes,other,Wiley,https://doi.org/10.1002/9780470061602.eqf02016,budgeting saving household finance
10.1002/9780470061602.eqf02017,Doob–Meyer Decomposition,other,Wiley,https://doi.org/10.1002/9780470061602.eqf02017,budgeting saving household finance
10.1002/9780470061602.eqf02018,"Forward–Backward Stochastic Differential Equations (
            <scp>SDEs</scp>
            )",other,Wiley,https://doi.org/10.1002/9780470061602.eqf02018,budgeting saving household finance
10.1002/9780470061602.eqf02019,Martingale Representation Theorem,other,Wiley,https://doi.org/10.1002/9780470061602.eqf02019,budgeting saving household finance
10.1002/9780470061602.eqf02020,Backward Stochastic Differential Equations,other,Wiley,https://doi.org/10.1002/9780470061602.eqf02020,budgeting saving household finance
10.1002/9780470061602.eqf02021,Backward Stochastic Differential Equations: Numerical Methods,other,Wiley,https://doi.org/10.1002/9780470061602.eqf02021,budgeting saving household finance
10.1002/9780470061602.eqf02022,Stochastic Exponential,other,Wiley,https://doi.org/10.1002/9780470061602.eqf02022,budgeting saving household finance
10.1002/9780470061602.eqf02023,Martingales,other,Wiley,https://doi.org/10.1002/9780470061602.eqf02023,budgeting saving household finance
10.1002/9780470061602.eqf02024,Itô’s Formulas,other,Wiley,https://doi.org/10.1002/9780470061602.eqf02024,budgeting saving household finance
10.1002/9780470061602.eqf02025,LéVy Copulas,other,Wiley,https://doi.org/10.1002/9780470061602.eqf02025,budgeting saving household finance
10.1002/9780470061602.eqf02026,Convex Duality,other,Wiley,https://doi.org/10.1002/9780470061602.eqf02026,budgeting saving household finance
10.1002/9780470061602.eqf02028,Squared Bessel Processes,other,Wiley,https://doi.org/10.1002/9780470061602.eqf02028,budgeting saving household finance
10.1002/9780470061602.eqf02029,Semimartingale,other,Wiley,https://doi.org/10.1002/9780470061602.eqf02029,budgeting saving household finance
10.1002/9780470061602.eqf03001,Capital Asset Pricing Model,other,Wiley,https://doi.org/10.1002/9780470061602.eqf03001,budgeting saving household finance
10.1002/9780470061602.eqf03003,Arbitrage Pricing Theory,other,Wiley,https://doi.org/10.1002/9780470061602.eqf03003,budgeting saving household finance
10.1002/9780470061602.eqf03004,Efficient Market Hypothesis,other,Wiley,https://doi.org/10.1002/9780470061602.eqf03004,budgeting saving household finance
10.1002/9780470061602.eqf03005,Expectations Hypothesis,other,Wiley,https://doi.org/10.1002/9780470061602.eqf03005,budgeting saving household finance
10.1002/9780470061602.eqf03006,Stochastic Discount Factors,other,Wiley,https://doi.org/10.1002/9780470061602.eqf03006,budgeting saving household finance
10.1002/9780470061602.eqf03007,Utility Function,other,Wiley,https://doi.org/10.1002/9780470061602.eqf03007,budgeting saving household finance
10.1002/9780470061602.eqf03008,Recursive Preferences,other,Wiley,https://doi.org/10.1002/9780470061602.eqf03008,budgeting saving household finance
10.1002/9780470061602.eqf03009,Risk Aversion,other,Wiley,https://doi.org/10.1002/9780470061602.eqf03009,budgeting saving household finance
10.1002/9780470061602.eqf03011,Ambiguity,other,Wiley,https://doi.org/10.1002/9780470061602.eqf03011,budgeting saving household finance
10.1002/9780470061602.eqf03012,Risk Premia,other,Wiley,https://doi.org/10.1002/9780470061602.eqf03012,budgeting saving household finance
10.1002/9780470061602.eqf03013,Predictability of Asset Prices,other,Wiley,https://doi.org/10.1002/9780470061602.eqf03013,budgeting saving household finance
10.1002/9780470061602.eqf03014,Real Options,other,Wiley,https://doi.org/10.1002/9780470061602.eqf03014,budgeting saving household finance
10.1002/9780470061602.eqf03015,Employee Stock Options,other,Wiley,https://doi.org/10.1002/9780470061602.eqf03015,budgeting saving household finance
10.1002/9780470061602.eqf04001,Arbitrage Strategy,other,Wiley,https://doi.org/10.1002/9780470061602.eqf04001,budgeting saving household finance
10.1002/9780470061602.eqf04002,Fundamental Theorem of Asset Pricing,other,Wiley,https://doi.org/10.1002/9780470061602.eqf04002,budgeting saving household finance
10.1002/9780470061602.eqf04003,Risk‐Neutral Pricing,other,Wiley,https://doi.org/10.1002/9780470061602.eqf04003,budgeting saving household finance
10.1002/9780470061602.eqf04004,Hedging,other,Wiley,https://doi.org/10.1002/9780470061602.eqf04004,budgeting saving household finance
10.1002/9780470061602.eqf04006,Complete Markets,other,Wiley,https://doi.org/10.1002/9780470061602.eqf04006,budgeting saving household finance
10.1002/9780470061602.eqf04007,Equivalent Martingale Measures,other,Wiley,https://doi.org/10.1002/9780470061602.eqf04007,budgeting saving household finance
10.1002/9780470061602.eqf04008,Second Fundamental Theorem of Asset Pricing,other,Wiley,https://doi.org/10.1002/9780470061602.eqf04008,budgeting saving household finance
10.1002/9780470061602.eqf04009,Expected Utility Maximization: Duality Methods,other,Wiley,https://doi.org/10.1002/9780470061602.eqf04009,budgeting saving household finance
10.1002/9780470061602.eqf04010,Change of Numeraire,other,Wiley,https://doi.org/10.1002/9780470061602.eqf04010,budgeting saving household finance
10.1002/9780470061602.eqf04011,Utility Indifference Valuation,other,Wiley,https://doi.org/10.1002/9780470061602.eqf04011,budgeting saving household finance
10.1002/9780470061602.eqf04012,Superhedging,other,Wiley,https://doi.org/10.1002/9780470061602.eqf04012,budgeting saving household finance
10.1002/9780470061602.eqf04013,Free Lunch,other,Wiley,https://doi.org/10.1002/9780470061602.eqf04013,budgeting saving household finance
10.1002/9780470061602.eqf04014,Minimal Entropy Martingale Measure,other,Wiley,https://doi.org/10.1002/9780470061602.eqf04014,budgeting saving household finance
10.1002/9780470061602.eqf04015,Minimal Martingale Measure,other,Wiley,https://doi.org/10.1002/9780470061602.eqf04015,budgeting saving household finance
10.1002/9780470061602.eqf04016,Good‐Deal Bounds,other,Wiley,https://doi.org/10.1002/9780470061602.eqf04016,budgeting saving household finance
10.1002/9780470061602.eqf04018,Arrow–Debreu Prices,other,Wiley,https://doi.org/10.1002/9780470061602.eqf04018,budgeting saving household finance
10.1002/9780470061602.eqf05001,Options: Basic Definitions,other,Wiley,https://doi.org/10.1002/9780470061602.eqf05001,budgeting saving household finance
10.1002/9780470061602.eqf05002,Option Pricing: General Principles,other,Wiley,https://doi.org/10.1002/9780470061602.eqf05002,budgeting saving household finance
10.1002/9780470061602.eqf05003,Forwards and Futures,other,Wiley,https://doi.org/10.1002/9780470061602.eqf05003,budgeting saving household finance
10.1002/9780470061602.eqf05004,Black–Scholes Formula,other,Wiley,https://doi.org/10.1002/9780470061602.eqf05004,budgeting saving household finance
10.1002/9780470061602.eqf05005,Exchange Options,other,Wiley,https://doi.org/10.1002/9780470061602.eqf05005,budgeting saving household finance
10.1002/9780470061602.eqf05006,Binomial Tree,other,Wiley,https://doi.org/10.1002/9780470061602.eqf05006,budgeting saving household finance
10.1002/9780470061602.eqf05007,American Options,other,Wiley,https://doi.org/10.1002/9780470061602.eqf05007,budgeting saving household finance
10.1002/9780470061602.eqf05008,Asian Options,other,Wiley,https://doi.org/10.1002/9780470061602.eqf05008,budgeting saving household finance
10.1002/9780470061602.eqf05010,Arbitrage Bounds,other,Wiley,https://doi.org/10.1002/9780470061602.eqf05010,budgeting saving household finance
10.1002/9780470061602.eqf05011,Average Strike Options,other,Wiley,https://doi.org/10.1002/9780470061602.eqf05011,budgeting saving household finance
10.1002/9780470061602.eqf06001,Foreign Exchange Markets,other,Wiley,https://doi.org/10.1002/9780470061602.eqf06001,budgeting saving household finance
10.1002/9780470061602.eqf06002,Foreign Exchange Options,other,Wiley,https://doi.org/10.1002/9780470061602.eqf06002,budgeting saving household finance
10.1002/9780470061602.eqf06003,Currency Forward Contracts,other,Wiley,https://doi.org/10.1002/9780470061602.eqf06003,budgeting saving household finance
10.1002/9780470061602.eqf06004,Pricing Formulae for Foreign Exchange Options,other,Wiley,https://doi.org/10.1002/9780470061602.eqf06004,budgeting saving household finance
10.1002/9780470061602.eqf06005,Foreign Exchange Symmetries,other,Wiley,https://doi.org/10.1002/9780470061602.eqf06005,budgeting saving household finance
10.1002/9780470061602.eqf06006,Quanto Options,other,Wiley,https://doi.org/10.1002/9780470061602.eqf06006,budgeting saving household finance
10.1002/9780470061602.eqf06007,Vanna–Volga Pricing,other,Wiley,https://doi.org/10.1002/9780470061602.eqf06007,budgeting saving household finance
10.1002/9780470061602.eqf06008,Foreign Exchange Smiles,other,Wiley,https://doi.org/10.1002/9780470061602.eqf06008,budgeting saving household finance
10.1002/9780470061602.eqf06009,Foreign Exchange Smile Interpolation,other,Wiley,https://doi.org/10.1002/9780470061602.eqf06009,budgeting saving household finance
10.1002/9780470061602.eqf06011,Margrabe Formula,other,Wiley,https://doi.org/10.1002/9780470061602.eqf06011,budgeting saving household finance
10.1002/9780470061602.eqf06013,Foreign Exchange Options: Delta‐ and At‐the‐money Conventions,other,Wiley,https://doi.org/10.1002/9780470061602.eqf06013,budgeting saving household finance
10.1002/9780470061602.eqf06014,Stochastic Volatility Models: Foreign Exchange,other,Wiley,https://doi.org/10.1002/9780470061602.eqf06014,budgeting saving household finance
10.1002/9780470061602.eqf06015,Foreign Exchange Basket Options,other,Wiley,https://doi.org/10.1002/9780470061602.eqf06015,budgeting saving household finance
10.1002/9780470061602.eqf07001,Call Options,other,Wiley,https://doi.org/10.1002/9780470061602.eqf07001,budgeting saving household finance
10.1002/9780470061602.eqf07003,Barrier Options,other,Wiley,https://doi.org/10.1002/9780470061602.eqf07003,budgeting saving household finance
10.1002/9780470061602.eqf07005,Corridor Options,other,Wiley,https://doi.org/10.1002/9780470061602.eqf07005,budgeting saving household finance
10.1002/9780470061602.eqf07007,Lookback Options,other,Wiley,https://doi.org/10.1002/9780470061602.eqf07007,budgeting saving household finance
10.1002/9780470061602.eqf07008,Parisian Option,other,Wiley,https://doi.org/10.1002/9780470061602.eqf07008,budgeting saving household finance
10.1002/9780470061602.eqf07009,Cliquet Options,other,Wiley,https://doi.org/10.1002/9780470061602.eqf07009,budgeting saving household finance
10.1002/9780470061602.eqf07010,Basket Options,other,Wiley,https://doi.org/10.1002/9780470061602.eqf07010,budgeting saving household finance
10.1002/9780470061602.eqf07014,Call Spread,other,Wiley,https://doi.org/10.1002/9780470061602.eqf07014,budgeting saving household finance
10.1002/9780470061602.eqf07016,Butterfly,other,Wiley,https://doi.org/10.1002/9780470061602.eqf07016,budgeting saving household finance
10.1002/9780470061602.eqf07017,Gamma Hedging,other,Wiley,https://doi.org/10.1002/9780470061602.eqf07017,budgeting saving household finance
10.1002/9780470061602.eqf07018,Delta Hedging,other,Wiley,https://doi.org/10.1002/9780470061602.eqf07018,budgeting saving household finance
10.1002/9780470061602.eqf07021,Dispersion Trading,other,Wiley,https://doi.org/10.1002/9780470061602.eqf07021,budgeting saving household finance
10.1002/9780470061602.eqf07022,Correlation Swap,other,Wiley,https://doi.org/10.1002/9780470061602.eqf07022,budgeting saving household finance
10.1002/9780470061602.eqf07023,Stock Pinning,other,Wiley,https://doi.org/10.1002/9780470061602.eqf07023,budgeting saving household finance
10.1002/9780470061602.eqf07024,Variance Swap,other,Wiley,https://doi.org/10.1002/9780470061602.eqf07024,budgeting saving household finance
10.1002/9780470061602.eqf07025,Volatility Swaps,other,Wiley,https://doi.org/10.1002/9780470061602.eqf07025,budgeting saving household finance
10.1002/9780470061602.eqf07026,Static Hedging,other,Wiley,https://doi.org/10.1002/9780470061602.eqf07026,budgeting saving household finance
10.1002/9780470061602.eqf07027,Corridor Variance Swap,other,Wiley,https://doi.org/10.1002/9780470061602.eqf07027,budgeting saving household finance
10.1002/9780470061602.eqf07028,Gamma Swap,other,Wiley,https://doi.org/10.1002/9780470061602.eqf07028,budgeting saving household finance
10.1002/9780470061602.eqf07029,"<scp>A</scp>
            tlas Option",other,Wiley,https://doi.org/10.1002/9780470061602.eqf07029,budgeting saving household finance
10.1002/9780470061602.eqf07030,Himalayan Option,other,Wiley,https://doi.org/10.1002/9780470061602.eqf07030,budgeting saving household finance
10.1002/9780470061602.eqf07031,Altiplano Option,other,Wiley,https://doi.org/10.1002/9780470061602.eqf07031,budgeting saving household finance
10.1002/9780470061602.eqf07032,Constant Proportion Portfolio Insurance,other,Wiley,https://doi.org/10.1002/9780470061602.eqf07032,budgeting saving household finance
10.1002/9780470061602.eqf07033,Equity Default Swaps,other,Wiley,https://doi.org/10.1002/9780470061602.eqf07033,budgeting saving household finance
10.1002/9780470061602.eqf07035,Exchange‐Traded Funds (ETFs),other,Wiley,https://doi.org/10.1002/9780470061602.eqf07035,budgeting saving household finance
10.1002/9780470061602.eqf07036,Volume‐Weighted Average Price (VWAP),other,Wiley,https://doi.org/10.1002/9780470061602.eqf07036,budgeting saving household finance
10.1002/9780470061602.eqf07037,Equity Swaps,other,Wiley,https://doi.org/10.1002/9780470061602.eqf07037,budgeting saving household finance
10.1002/9780470061602.eqf07039,Volatility Index Options,other,Wiley,https://doi.org/10.1002/9780470061602.eqf07039,budgeting saving household finance
10.1002/9780470061602.eqf07040,Realized Volatility Options,other,Wiley,https://doi.org/10.1002/9780470061602.eqf07040,budgeting saving household finance
10.1002/9780470061602.eqf07042,Put–Call Parity,other,Wiley,https://doi.org/10.1002/9780470061602.eqf07042,budgeting saving household finance
10.1002/9780470061602.eqf07044,Discretely Monitored Options,other,Wiley,https://doi.org/10.1002/9780470061602.eqf07044,budgeting saving household finance
10.1002/9780470061602.eqf07045,Weighted Variance Swap,other,Wiley,https://doi.org/10.1002/9780470061602.eqf07045,budgeting saving household finance
10.1002/9780470061602.eqf08002,Model Calibration,other,Wiley,https://doi.org/10.1002/9780470061602.eqf08002,budgeting saving household finance
10.1002/9780470061602.eqf08003,Dupire Equation,other,Wiley,https://doi.org/10.1002/9780470061602.eqf08003,budgeting saving household finance
10.1002/9780470061602.eqf08004,Implied Volatility Surface,other,Wiley,https://doi.org/10.1002/9780470061602.eqf08004,budgeting saving household finance
10.1002/9780470061602.eqf08005,Moment Explosions,other,Wiley,https://doi.org/10.1002/9780470061602.eqf08005,budgeting saving household finance
10.1002/9780470061602.eqf08006,Implied Volatility in Stochastic Volatility Models,other,Wiley,https://doi.org/10.1002/9780470061602.eqf08006,budgeting saving household finance
10.1002/9780470061602.eqf08007,Local Volatility Model,other,Wiley,https://doi.org/10.1002/9780470061602.eqf08007,budgeting saving household finance
10.1002/9780470061602.eqf08009,Dividend Modeling,other,Wiley,https://doi.org/10.1002/9780470061602.eqf08009,budgeting saving household finance
10.1002/9780470061602.eqf08010,Implied Volatility: Volvol Expansion,other,Wiley,https://doi.org/10.1002/9780470061602.eqf08010,budgeting saving household finance
10.1002/9780470061602.eqf08011,Implied Volatility: Long Maturity Behavior,other,Wiley,https://doi.org/10.1002/9780470061602.eqf08011,budgeting saving household finance
10.1002/9780470061602.eqf08012,"<scp>SABR</scp>
            Model",other,Wiley,https://doi.org/10.1002/9780470061602.eqf08012,budgeting saving household finance
10.1002/9780470061602.eqf08013,Implied Volatility: Large Strike Asymptotics,other,Wiley,https://doi.org/10.1002/9780470061602.eqf08013,budgeting saving household finance
10.1002/9780470061602.eqf08015,"Constant Elasticity of Variance (
            <scp>CEV</scp>
            ) Diffusion Model",other,Wiley,https://doi.org/10.1002/9780470061602.eqf08015,budgeting saving household finance
10.1002/9780470061602.eqf08016,Bates Model,other,Wiley,https://doi.org/10.1002/9780470061602.eqf08016,budgeting saving household finance
10.1002/9780470061602.eqf08017,Barndorff‐Nielsen and Shephard (BNS) Models,other,Wiley,https://doi.org/10.1002/9780470061602.eqf08017,budgeting saving household finance
10.1002/9780470061602.eqf08018,"<scp>H</scp>
            eston Model",other,Wiley,https://doi.org/10.1002/9780470061602.eqf08018,budgeting saving household finance
10.1002/9780470061602.eqf08019,<scp>H</scp>ull–<scp>W</scp>hite Stochastic Volatility Model,other,Wiley,https://doi.org/10.1002/9780470061602.eqf08019,budgeting saving household finance
10.1002/9780470061602.eqf08020,Tempered Stable Process,other,Wiley,https://doi.org/10.1002/9780470061602.eqf08020,budgeting saving household finance
10.1002/9780470061602.eqf08021,Lognormal Mixture Diffusion Model,other,Wiley,https://doi.org/10.1002/9780470061602.eqf08021,budgeting saving household finance
10.1002/9780470061602.eqf08022,"Normal Inverse
            <scp>G</scp>
            aussian Model",other,Wiley,https://doi.org/10.1002/9780470061602.eqf08022,budgeting saving household finance
10.1002/9780470061602.eqf08023,Generalized Hyperbolic Models,other,Wiley,https://doi.org/10.1002/9780470061602.eqf08023,budgeting saving household finance
10.1002/9780470061602.eqf08024,Regime‐Switching Models,other,Wiley,https://doi.org/10.1002/9780470061602.eqf08024,budgeting saving household finance
10.1002/9780470061602.eqf08026,Variance‐Gamma Model,other,Wiley,https://doi.org/10.1002/9780470061602.eqf08026,budgeting saving household finance
10.1002/9780470061602.eqf08027,Jump‐Diffusion Models,other,Wiley,https://doi.org/10.1002/9780470061602.eqf08027,budgeting saving household finance
10.1002/9780470061602.eqf08029,Time‐Changed Lévy Process,other,Wiley,https://doi.org/10.1002/9780470061602.eqf08029,budgeting saving household finance
10.1002/9780470061602.eqf08030,Kou Model,other,Wiley,https://doi.org/10.1002/9780470061602.eqf08030,budgeting saving household finance
10.1002/9780470061602.eqf08031,Exponential Lévy Models,other,Wiley,https://doi.org/10.1002/9780470061602.eqf08031,budgeting saving household finance
10.1002/9780470061602.eqf08032,Uncertain Volatility Model,other,Wiley,https://doi.org/10.1002/9780470061602.eqf08032,budgeting saving household finance
10.1002/9780470061602.eqf08033,Implied Volatility: Market Models,other,Wiley,https://doi.org/10.1002/9780470061602.eqf08033,budgeting saving household finance
10.1002/9780470061602.eqf09006,Rating Transition Matrices,other,Wiley,https://doi.org/10.1002/9780470061602.eqf09006,budgeting saving household finance
10.1002/9780470061602.eqf09007,Credit Migration Models,other,Wiley,https://doi.org/10.1002/9780470061602.eqf09007,budgeting saving household finance
10.1002/9780470061602.eqf09008,Structural Default Risk Models,other,Wiley,https://doi.org/10.1002/9780470061602.eqf09008,budgeting saving household finance
10.1002/9780470061602.eqf09009,Creditrisk+,other,Wiley,https://doi.org/10.1002/9780470061602.eqf09009,budgeting saving household finance
10.1002/9780470061602.eqf09017,Large Pool Approximations,other,Wiley,https://doi.org/10.1002/9780470061602.eqf09017,budgeting saving household finance
10.1002/9780470061602.eqf09018,Saddlepoint Approximation,other,Wiley,https://doi.org/10.1002/9780470061602.eqf09018,budgeting saving household finance
10.1002/9780470061602.eqf09019,Credit Scoring,other,Wiley,https://doi.org/10.1002/9780470061602.eqf09019,budgeting saving household finance
10.1002/9780470061602.eqf09020,Credit Rating,other,Wiley,https://doi.org/10.1002/9780470061602.eqf09020,budgeting saving household finance
10.1002/9780470061602.eqf09021,Portfolio Credit Risk: Statistical Methods,other,Wiley,https://doi.org/10.1002/9780470061602.eqf09021,budgeting saving household finance
10.1002/9780470061602.eqf09022,Recovery Rate,other,Wiley,https://doi.org/10.1002/9780470061602.eqf09022,budgeting saving household finance
10.1002/9780470061602.eqf09023,Internal‐Ratings‐Based Approach,other,Wiley,https://doi.org/10.1002/9780470061602.eqf09023,budgeting saving household finance
10.1002/9780470061602.eqf09027,Exposure to Default and Loss Given Default,other,Wiley,https://doi.org/10.1002/9780470061602.eqf09027,budgeting saving household finance
10.1002/9780470061602.eqf09031,Reduced Form Credit Risk Models,other,Wiley,https://doi.org/10.1002/9780470061602.eqf09031,budgeting saving household finance
10.1002/9780470061602.eqf09032,Credit Portfolio Simulation,other,Wiley,https://doi.org/10.1002/9780470061602.eqf09032,budgeting saving household finance
10.1002/9780470061602.eqf09033,Counterparty Credit Risk,other,Wiley,https://doi.org/10.1002/9780470061602.eqf09033,budgeting saving household finance
10.1002/9780470061602.eqf09034,Loan Valuation,other,Wiley,https://doi.org/10.1002/9780470061602.eqf09034,mortgage loan calculator
10.1002/9780470061602.eqf09035,Credit Risk,other,Wiley,https://doi.org/10.1002/9780470061602.eqf09035,budgeting saving household finance
10.1002/9780470061602.eqf10001,Credit Default Swaps,other,Wiley,https://doi.org/10.1002/9780470061602.eqf10001,budgeting saving household finance
10.1002/9780470061602.eqf10002,Total Return Swap,other,Wiley,https://doi.org/10.1002/9780470061602.eqf10002,budgeting saving household finance
10.1002/9780470061602.eqf10004,Recovery Swap,other,Wiley,https://doi.org/10.1002/9780470061602.eqf10004,budgeting saving household finance
10.1002/9780470061602.eqf10005,Constant Maturity Credit Default Swap,other,Wiley,https://doi.org/10.1002/9780470061602.eqf10005,budgeting saving household finance
10.1002/9780470061602.eqf10006,Credit Default Swaption,other,Wiley,https://doi.org/10.1002/9780470061602.eqf10006,budgeting saving household finance
10.1002/9780470061602.eqf10007,"Credit Default Swap (
            <scp>CDS</scp>
            ) Indices",other,Wiley,https://doi.org/10.1002/9780470061602.eqf10007,budgeting saving household finance
10.1002/9780470061602.eqf10008,Basket Default Swaps,other,Wiley,https://doi.org/10.1002/9780470061602.eqf10008,budgeting saving household finance
10.1002/9780470061602.eqf10012,Collateralized Debt Obligations (CDO),other,Wiley,https://doi.org/10.1002/9780470061602.eqf10012,budgeting saving household finance
10.1002/9780470061602.eqf10016,"Forward‐Starting
            <scp>CDO</scp>
            Tranche",other,Wiley,https://doi.org/10.1002/9780470061602.eqf10016,budgeting saving household finance
10.1002/9780470061602.eqf10017,CDO Square,other,Wiley,https://doi.org/10.1002/9780470061602.eqf10017,budgeting saving household finance
10.1002/9780470061602.eqf10018,Leveraged Super‐Senior Tranche,other,Wiley,https://doi.org/10.1002/9780470061602.eqf10018,budgeting saving household finance
10.1002/9780470061602.eqf10019,Managed CDO,other,Wiley,https://doi.org/10.1002/9780470061602.eqf10019,budgeting saving household finance
10.1002/9780470061602.eqf10020,Collateralized Debt Obligation (<scp>CDO</scp>) Options,other,Wiley,https://doi.org/10.1002/9780470061602.eqf10020,budgeting saving household finance
10.1002/9780470061602.eqf10021,Credit Default Swap Index Options,other,Wiley,https://doi.org/10.1002/9780470061602.eqf10021,budgeting saving household finance
10.1002/9780470061602.eqf10022,Hazard Rate,other,Wiley,https://doi.org/10.1002/9780470061602.eqf10022,budgeting saving household finance
10.1002/9780470061602.eqf10024,Duffie–Singleton Model,other,Wiley,https://doi.org/10.1002/9780470061602.eqf10024,budgeting saving household finance
10.1002/9780470061602.eqf10025,Jarrow–Lando–Turnbull Model,other,Wiley,https://doi.org/10.1002/9780470061602.eqf10025,budgeting saving household finance
10.1002/9780470061602.eqf10026,Intensity‐Based Credit Risk Models,other,Wiley,https://doi.org/10.1002/9780470061602.eqf10026,budgeting saving household finance
10.1002/9780470061602.eqf10027,Default Barrier Models,other,Wiley,https://doi.org/10.1002/9780470061602.eqf10027,budgeting saving household finance
10.1002/9780470061602.eqf10029,Multiname Reduced Form Models,other,Wiley,https://doi.org/10.1002/9780470061602.eqf10029,budgeting saving household finance
10.1002/9780470061602.eqf10030,Default Time Copulas,other,Wiley,https://doi.org/10.1002/9780470061602.eqf10030,budgeting saving household finance
10.1002/9780470061602.eqf10031,Gaussian Copula Model,other,Wiley,https://doi.org/10.1002/9780470061602.eqf10031,budgeting saving household finance
10.1002/9780470061602.eqf10032,Base Correlation,other,Wiley,https://doi.org/10.1002/9780470061602.eqf10032,budgeting saving household finance
10.1002/9780470061602.eqf10033,Random Factor Loading Model (for Portfolio Credit),other,Wiley,https://doi.org/10.1002/9780470061602.eqf10033,budgeting saving household finance
10.1002/9780470061602.eqf10034,Local Correlation Model,other,Wiley,https://doi.org/10.1002/9780470061602.eqf10034,budgeting saving household finance
10.1002/9780470061602.eqf10035,Intensity Gamma Model,other,Wiley,https://doi.org/10.1002/9780470061602.eqf10035,budgeting saving household finance
10.1002/9780470061602.eqf10038,Modeling Correlation of Structured Instruments in A Portfolio Setting,other,Wiley,https://doi.org/10.1002/9780470061602.eqf10038,budgeting saving household finance
10.1002/9780470061602.eqf10039,"Special‐Purpose Vehicle (
            <scp>SPV</scp>
            )",other,Wiley,https://doi.org/10.1002/9780470061602.eqf10039,budgeting saving household finance
10.1002/9780470061602.eqf10040,Credit Portfolio Insurance,other,Wiley,https://doi.org/10.1002/9780470061602.eqf10040,budgeting saving household finance
10.1002/9780470061602.eqf10042,Structured Finance Rating Methodologies,other,Wiley,https://doi.org/10.1002/9780470061602.eqf10042,budgeting saving household finance
10.1002/9780470061602.eqf10043,Nested Simulation,other,Wiley,https://doi.org/10.1002/9780470061602.eqf10043,budgeting saving household finance
10.1002/9780470061602.eqf10044,CDO Tranches: Impact on Economic Capital,other,Wiley,https://doi.org/10.1002/9780470061602.eqf10044,budgeting saving household finance
10.1002/9780470061602.eqf10045,Equity–Credit Problem,other,Wiley,https://doi.org/10.1002/9780470061602.eqf10045,budgeting saving household finance
10.1002/9780470061602.eqf10046,Convertible Bonds,other,Wiley,https://doi.org/10.1002/9780470061602.eqf10046,budgeting saving household finance
10.1002/9780470061602.eqf11001,Bond,other,Wiley,https://doi.org/10.1002/9780470061602.eqf11001,budgeting saving household finance
10.1002/9780470061602.eqf11002,"<scp>LIBOR</scp>
            Rate",other,Wiley,https://doi.org/10.1002/9780470061602.eqf11002,budgeting saving household finance
10.1002/9780470061602.eqf11004,Eurodollar Futures and Options,other,Wiley,https://doi.org/10.1002/9780470061602.eqf11004,budgeting saving household finance
10.1002/9780470061602.eqf11005,Bond Options,other,Wiley,https://doi.org/10.1002/9780470061602.eqf11005,budgeting saving household finance
10.1002/9780470061602.eqf11006,Caps and Floors,other,Wiley,https://doi.org/10.1002/9780470061602.eqf11006,budgeting saving household finance
10.1002/9780470061602.eqf11008,Constant Maturity Swap,other,Wiley,https://doi.org/10.1002/9780470061602.eqf11008,budgeting saving household finance
10.1002/9780470061602.eqf11011,"<scp>B</scp>
            ermudan Swaptions and Callable Libor Exotics",other,Wiley,https://doi.org/10.1002/9780470061602.eqf11011,budgeting saving household finance
10.1002/9780470061602.eqf11012,Trigger Swaps,other,Wiley,https://doi.org/10.1002/9780470061602.eqf11012,budgeting saving household finance
10.1002/9780470061602.eqf11014,"<scp>CMS</scp>
            Spread Products",other,Wiley,https://doi.org/10.1002/9780470061602.eqf11014,budgeting saving household finance
10.1002/9780470061602.eqf11016,Yield Curve Construction,other,Wiley,https://doi.org/10.1002/9780470061602.eqf11016,budgeting saving household finance
10.1002/9780470061602.eqf11019,Stochastic Volatility Interest Rate Models,other,Wiley,https://doi.org/10.1002/9780470061602.eqf11019,budgeting saving household finance
10.1002/9780470061602.eqf11022,"<scp>H</scp>
            eath–
            <scp>J</scp>
            arrow–
            <scp>M</scp>
            orton Approach",other,Wiley,https://doi.org/10.1002/9780470061602.eqf11022,budgeting saving household finance
10.1002/9780470061602.eqf11023,Forward and Swap Measures,other,Wiley,https://doi.org/10.1002/9780470061602.eqf11023,budgeting saving household finance
10.1002/9780470061602.eqf11024,Term Structure Models,other,Wiley,https://doi.org/10.1002/9780470061602.eqf11024,budgeting saving household finance
10.1002/9780470061602.eqf11025,"Cox–Ingersoll–Ross (
            <scp>CIR</scp>
            ) Model",other,Wiley,https://doi.org/10.1002/9780470061602.eqf11025,budgeting saving household finance
10.1002/9780470061602.eqf11027,Gaussian Interest‐Rate Models,other,Wiley,https://doi.org/10.1002/9780470061602.eqf11027,budgeting saving household finance
10.1002/9780470061602.eqf11028,Quadratic<scp>G</scp>aussian Models,other,Wiley,https://doi.org/10.1002/9780470061602.eqf11028,budgeting saving household finance
10.1002/9780470061602.eqf11029,Affine Models,other,Wiley,https://doi.org/10.1002/9780470061602.eqf11029,budgeting saving household finance
10.1002/9780470061602.eqf11030,Markovian Term Structure Models,other,Wiley,https://doi.org/10.1002/9780470061602.eqf11030,budgeting saving household finance
10.1002/9780470061602.eqf11031,"<scp>L</scp>
            ibor Market Model",other,Wiley,https://doi.org/10.1002/9780470061602.eqf11031,budgeting saving household finance
10.1002/9780470061602.eqf11032,Swap Market Models,other,Wiley,https://doi.org/10.1002/9780470061602.eqf11032,budgeting saving household finance
10.1002/9780470061602.eqf11033,Markov Functional Models,other,Wiley,https://doi.org/10.1002/9780470061602.eqf11033,budgeting saving household finance
10.1002/9780470061602.eqf11035,Hedging of Interest Rate Derivatives,other,Wiley,https://doi.org/10.1002/9780470061602.eqf11035,budgeting saving household finance
10.1002/9780470061602.eqf11036,Inflation Derivatives,other,Wiley,https://doi.org/10.1002/9780470061602.eqf11036,budgeting saving household finance
10.1002/9780470061602.eqf11039,Swaps,other,Wiley,https://doi.org/10.1002/9780470061602.eqf11039,budgeting saving household finance
10.1002/9780470061602.eqf12001,Finite Difference Methods for Barrier Options,other,Wiley,https://doi.org/10.1002/9780470061602.eqf12001,budgeting saving household finance
10.1002/9780470061602.eqf12002,Finite Difference Methods for Early Exercise Options,other,Wiley,https://doi.org/10.1002/9780470061602.eqf12002,budgeting saving household finance
10.1002/9780470061602.eqf12003,Partial Differential Equations,other,Wiley,https://doi.org/10.1002/9780470061602.eqf12003,budgeting saving household finance
10.1002/9780470061602.eqf12004,"Alternating Direction Implicit (
            <scp>ADI</scp>
            ) Method",other,Wiley,https://doi.org/10.1002/9780470061602.eqf12004,budgeting saving household finance
10.1002/9780470061602.eqf12005,Conjugate Gradient Methods,other,Wiley,https://doi.org/10.1002/9780470061602.eqf12005,budgeting saving household finance
10.1002/9780470061602.eqf12006,Multigrid Methods,other,Wiley,https://doi.org/10.1002/9780470061602.eqf12006,budgeting saving household finance
10.1002/9780470061602.eqf12007,Finite Element Methods,other,Wiley,https://doi.org/10.1002/9780470061602.eqf12007,budgeting saving household finance
10.1002/9780470061602.eqf12008,Fourier Transform,other,Wiley,https://doi.org/10.1002/9780470061602.eqf12008,budgeting saving household finance
10.1002/9780470061602.eqf12009,Crank–Nicolson Scheme,other,Wiley,https://doi.org/10.1002/9780470061602.eqf12009,budgeting saving household finance
10.1002/9780470061602.eqf12010,Monotone Schemes,other,Wiley,https://doi.org/10.1002/9780470061602.eqf12010,budgeting saving household finance
10.1002/9780470061602.eqf12011,Sparse Grids,other,Wiley,https://doi.org/10.1002/9780470061602.eqf12011,budgeting saving household finance
10.1002/9780470061602.eqf12012,Optimization Methods,other,Wiley,https://doi.org/10.1002/9780470061602.eqf12012,budgeting saving household finance
10.1002/9780470061602.eqf12013,Lattice Methods For Path‐Dependent Options,other,Wiley,https://doi.org/10.1002/9780470061602.eqf12013,budgeting saving household finance
10.1002/9780470061602.eqf12014,Wavelet Galerkin Method,other,Wiley,https://doi.org/10.1002/9780470061602.eqf12014,budgeting saving household finance
10.1002/9780470061602.eqf12015,Integral Equation Methods for Free Boundaries,other,Wiley,https://doi.org/10.1002/9780470061602.eqf12015,budgeting saving household finance
10.1002/9780470061602.eqf12016,Tikhonov Regularization,other,Wiley,https://doi.org/10.1002/9780470061602.eqf12016,budgeting saving household finance
10.1002/9780470061602.eqf12017,Tree Methods,other,Wiley,https://doi.org/10.1002/9780470061602.eqf12017,budgeting saving household finance
10.1002/9780470061602.eqf12018,Quadrature Methods,other,Wiley,https://doi.org/10.1002/9780470061602.eqf12018,budgeting saving household finance
10.1002/9780470061602.eqf12020,Partial Integro‐Differential Equations (<scp>PIDES</scp>),other,Wiley,https://doi.org/10.1002/9780470061602.eqf12020,budgeting saving household finance
10.1002/9780470061602.eqf12021,Method of Lines,other,Wiley,https://doi.org/10.1002/9780470061602.eqf12021,budgeting saving household finance
10.1002/9780470061602.eqf12022,Fourier Methods in Options Pricing,other,Wiley,https://doi.org/10.1002/9780470061602.eqf12022,budgeting saving household finance
10.1002/9780470061602.eqf12023,Quantization Methods,other,Wiley,https://doi.org/10.1002/9780470061602.eqf12023,budgeting saving household finance
10.1002/9780470061602.eqf13001,Monte Carlo Simulation for Stochastic Differential Equations,other,Wiley,https://doi.org/10.1002/9780470061602.eqf13001,budgeting saving household finance
10.1002/9780470061602.eqf13002,Stochastic Differential Equations: Scenario Simulation,other,Wiley,https://doi.org/10.1002/9780470061602.eqf13002,budgeting saving household finance
10.1002/9780470061602.eqf13003,Pseudorandom Number Generators,other,Wiley,https://doi.org/10.1002/9780470061602.eqf13003,budgeting saving household finance
10.1002/9780470061602.eqf13004,Monte Carlo Greeks,other,Wiley,https://doi.org/10.1002/9780470061602.eqf13004,budgeting saving household finance
10.1002/9780470061602.eqf13006,"<scp>B</scp>
            ermudan Options",other,Wiley,https://doi.org/10.1002/9780470061602.eqf13006,budgeting saving household finance
10.1002/9780470061602.eqf13009,Simulation of Square‐Root Processes,other,Wiley,https://doi.org/10.1002/9780470061602.eqf13009,budgeting saving household finance
10.1002/9780470061602.eqf13010,Variance Reduction,other,Wiley,https://doi.org/10.1002/9780470061602.eqf13010,budgeting saving household finance
10.1002/9780470061602.eqf13011,Weighted Monte Carlo,other,Wiley,https://doi.org/10.1002/9780470061602.eqf13011,budgeting saving household finance
10.1002/9780470061602.eqf13012,Sensitivity Computations: Integration by Parts,other,Wiley,https://doi.org/10.1002/9780470061602.eqf13012,budgeting saving household finance
10.1002/9780470061602.eqf13013,Stochastic Mesh Method,other,Wiley,https://doi.org/10.1002/9780470061602.eqf13013,budgeting saving household finance
10.1002/9780470061602.eqf13015,Stochastic Differential Equations with Jumps: Simulation,other,Wiley,https://doi.org/10.1002/9780470061602.eqf13015,budgeting saving household finance
10.1002/9780470061602.eqf13016,Libor Market Models: Simulation,other,Wiley,https://doi.org/10.1002/9780470061602.eqf13016,budgeting saving household finance
10.1002/9780470061602.eqf13019,Quasi‐<scp>M</scp>onte<scp>C</scp>arlo Methods,other,Wiley,https://doi.org/10.1002/9780470061602.eqf13019,budgeting saving household finance
10.1002/9780470061602.eqf13020,Rare‐Event Simulation,other,Wiley,https://doi.org/10.1002/9780470061602.eqf13020,budgeting saving household finance
10.1002/9780470061602.eqf13023,Stochastic Taylor Expansions,other,Wiley,https://doi.org/10.1002/9780470061602.eqf13023,budgeting saving household finance
10.1002/9780470061602.eqf13024,Exercise Boundary Optimization Methods,other,Wiley,https://doi.org/10.1002/9780470061602.eqf13024,budgeting saving household finance
10.1002/9780470061602.eqf13025,Early Exercise Options: Upper Bounds,other,Wiley,https://doi.org/10.1002/9780470061602.eqf13025,budgeting saving household finance
10.1002/9780470061602.eqf13026,Monte Carlo Simulation,other,Wiley,https://doi.org/10.1002/9780470061602.eqf13026,budgeting saving household finance
10.1002/9780470061602.eqf14001,Mutual Funds,other,Wiley,https://doi.org/10.1002/9780470061602.eqf14001,budgeting saving household finance
10.1002/9780470061602.eqf14002,Style Analysis,other,Wiley,https://doi.org/10.1002/9780470061602.eqf14002,budgeting saving household finance
10.1002/9780470061602.eqf14003,Hedge Funds,other,Wiley,https://doi.org/10.1002/9780470061602.eqf14003,budgeting saving household finance
10.1002/9780470061602.eqf14004,Performance Measures,other,Wiley,https://doi.org/10.1002/9780470061602.eqf14004,budgeting saving household finance
10.1002/9780470061602.eqf14006,Sharpe Ratio,other,Wiley,https://doi.org/10.1002/9780470061602.eqf14006,budgeting saving household finance
10.1002/9780470061602.eqf14007,Risk–Return Analysis,other,Wiley,https://doi.org/10.1002/9780470061602.eqf14007,budgeting saving household finance
10.1002/9780470061602.eqf14008,Expected Utility Maximization,other,Wiley,https://doi.org/10.1002/9780470061602.eqf14008,budgeting saving household finance
10.1002/9780470061602.eqf14009,Black–Litterman Approach,other,Wiley,https://doi.org/10.1002/9780470061602.eqf14009,budgeting saving household finance
10.1002/9780470061602.eqf14010,Fixed Mix Strategy,other,Wiley,https://doi.org/10.1002/9780470061602.eqf14010,budgeting saving household finance
10.1002/9780470061602.eqf14011,Stochastic Control,other,Wiley,https://doi.org/10.1002/9780470061602.eqf14011,budgeting saving household finance
10.1002/9780470061602.eqf14012,Transaction Costs,other,Wiley,https://doi.org/10.1002/9780470061602.eqf14012,budgeting saving household finance
10.1002/9780470061602.eqf14014,Behavioral Portfolio Selection,other,Wiley,https://doi.org/10.1002/9780470061602.eqf14014,budgeting saving household finance
10.1002/9780470061602.eqf14015,Kelly Problem,other,Wiley,https://doi.org/10.1002/9780470061602.eqf14015,budgeting saving household finance
10.1002/9780470061602.eqf14016,Drawdown Minimization,other,Wiley,https://doi.org/10.1002/9780470061602.eqf14016,budgeting saving household finance
10.1002/9780470061602.eqf14017,Universal Portfolios,other,Wiley,https://doi.org/10.1002/9780470061602.eqf14017,budgeting saving household finance
10.1002/9780470061602.eqf14018,Risk‐Sensitive Asset Management,other,Wiley,https://doi.org/10.1002/9780470061602.eqf14018,budgeting saving household finance
10.1002/9780470061602.eqf14019,Robust Portfolio Optimization,other,Wiley,https://doi.org/10.1002/9780470061602.eqf14019,budgeting saving household finance
10.1002/9780470061602.eqf14020,Diversification,other,Wiley,https://doi.org/10.1002/9780470061602.eqf14020,budgeting saving household finance
10.1002/9780470061602.eqf14021,Merton Problem,other,Wiley,https://doi.org/10.1002/9780470061602.eqf14021,budgeting saving household finance
10.1002/9780470061602.eqf14025,Mean–Variance Hedging,other,Wiley,https://doi.org/10.1002/9780470061602.eqf14025,budgeting saving household finance
10.1002/9780470061602.eqf15001,Risk Exposures,other,Wiley,https://doi.org/10.1002/9780470061602.eqf15001,budgeting saving household finance
10.1002/9780470061602.eqf15002,Risk Management: Historical Perspectives,other,Wiley,https://doi.org/10.1002/9780470061602.eqf15002,budgeting saving household finance
10.1002/9780470061602.eqf15003,Convex Risk Measures,other,Wiley,https://doi.org/10.1002/9780470061602.eqf15003,budgeting saving household finance
10.1002/9780470061602.eqf15004,Value‐at‐Risk,other,Wiley,https://doi.org/10.1002/9780470061602.eqf15004,budgeting saving household finance
10.1002/9780470061602.eqf15005,Expected Shortfall,other,Wiley,https://doi.org/10.1002/9780470061602.eqf15005,budgeting saving household finance
10.1002/9780470061602.eqf15006,Economic Capital Allocation,other,Wiley,https://doi.org/10.1002/9780470061602.eqf15006,budgeting saving household finance
10.1002/9780470061602.eqf15007,Spectral Measures of Risk,other,Wiley,https://doi.org/10.1002/9780470061602.eqf15007,budgeting saving household finance
10.1002/9780470061602.eqf15008,Market Risk,other,Wiley,https://doi.org/10.1002/9780470061602.eqf15008,budgeting saving household finance
10.1002/9780470061602.eqf15009,Models,other,Wiley,https://doi.org/10.1002/9780470061602.eqf15009,budgeting saving household finance
10.1002/9780470061602.eqf15011,Operational Risk,other,Wiley,https://doi.org/10.1002/9780470061602.eqf15011,budgeting saving household finance
10.1002/9780470061602.eqf15012,Regulatory Capital,other,Wiley,https://doi.org/10.1002/9780470061602.eqf15012,budgeting saving household finance
10.1002/9780470061602.eqf15014,Economic Capital,other,Wiley,https://doi.org/10.1002/9780470061602.eqf15014,budgeting saving household finance
10.1002/9780470061602.eqf15015,Risk‐Adjusted Return on Capital (<scp>RAROC</scp>),other,Wiley,https://doi.org/10.1002/9780470061602.eqf15015,budgeting saving household finance
10.1002/9780470061602.eqf15016,Stress Testing,other,Wiley,https://doi.org/10.1002/9780470061602.eqf15016,budgeting saving household finance
10.1002/9780470061602.eqf15017,Model Validation,other,Wiley,https://doi.org/10.1002/9780470061602.eqf15017,budgeting saving household finance
10.1002/9780470061602.eqf15018,Backtesting,other,Wiley,https://doi.org/10.1002/9780470061602.eqf15018,budgeting saving household finance
10.1002/9780470061602.eqf15019,Copulas: Estimation,other,Wiley,https://doi.org/10.1002/9780470061602.eqf15019,budgeting saving household finance
10.1002/9780470061602.eqf15020,Correlation Risk,other,Wiley,https://doi.org/10.1002/9780470061602.eqf15020,budgeting saving household finance
10.1002/9780470061602.eqf15021,Multivariate Distributions,other,Wiley,https://doi.org/10.1002/9780470061602.eqf15021,budgeting saving household finance
10.1002/9780470061602.eqf17001,Electricity Markets,other,Wiley,https://doi.org/10.1002/9780470061602.eqf17001,budgeting saving household finance
10.1002/9780470061602.eqf17002,Electricity Forward Contracts,other,Wiley,https://doi.org/10.1002/9780470061602.eqf17002,budgeting saving household finance
10.1002/9780470061602.eqf17003,Commodity Risk,other,Wiley,https://doi.org/10.1002/9780470061602.eqf17003,budgeting saving household finance
10.1002/9780470061602.eqf17007,Commodity Trading,other,Wiley,https://doi.org/10.1002/9780470061602.eqf17007,budgeting saving household finance
10.1002/9780470061602.eqf17009,Commodity Forward Curve Modeling,other,Wiley,https://doi.org/10.1002/9780470061602.eqf17009,budgeting saving household finance
10.1002/9780470061602.eqf17013,Commodity Price Models,other,Wiley,https://doi.org/10.1002/9780470061602.eqf17013,budgeting saving household finance
10.1002/9780470061602.eqf17015,Oil Market,other,Wiley,https://doi.org/10.1002/9780470061602.eqf17015,budgeting saving household finance
10.1002/9780470061602.eqf17016,Commodities and Numéraire,other,Wiley,https://doi.org/10.1002/9780470061602.eqf17016,budgeting saving household finance
10.1002/9780470061602.eqf17017,Swing Options,other,Wiley,https://doi.org/10.1002/9780470061602.eqf17017,budgeting saving household finance
10.1002/9780470061602.eqf17020,Emissions Trading,other,Wiley,https://doi.org/10.1002/9780470061602.eqf17020,budgeting saving household finance
10.1002/9780470061602.eqf17021,Weather Derivatives,other,Wiley,https://doi.org/10.1002/9780470061602.eqf17021,budgeting saving household finance
10.1002/9780470061602.eqf18001,Liquidity,other,Wiley,https://doi.org/10.1002/9780470061602.eqf18001,budgeting saving household finance
10.1002/9780470061602.eqf18002,Execution Costs,other,Wiley,https://doi.org/10.1002/9780470061602.eqf18002,budgeting saving household finance
10.1002/9780470061602.eqf18003,Bid–Ask Spreads,other,Wiley,https://doi.org/10.1002/9780470061602.eqf18003,budgeting saving household finance
10.1002/9780470061602.eqf18004,Liquidity Premium,other,Wiley,https://doi.org/10.1002/9780470061602.eqf18004,budgeting saving household finance
10.1002/9780470061602.eqf18005,Adverse Selection,other,Wiley,https://doi.org/10.1002/9780470061602.eqf18005,budgeting saving household finance
10.1002/9780470061602.eqf18006,Price Impact,other,Wiley,https://doi.org/10.1002/9780470061602.eqf18006,budgeting saving household finance
10.1002/9780470061602.eqf18007,Inventory Effects,other,Wiley,https://doi.org/10.1002/9780470061602.eqf18007,budgeting saving household finance
10.1002/9780470061602.eqf18008,Intraday Price Efficiency,other,Wiley,https://doi.org/10.1002/9780470061602.eqf18008,budgeting saving household finance
10.1002/9780470061602.eqf18009,High‐Frequency Data,other,Wiley,https://doi.org/10.1002/9780470061602.eqf18009,budgeting saving household finance
10.1002/9780470061602.eqf18010,Order Flow,other,Wiley,https://doi.org/10.1002/9780470061602.eqf18010,budgeting saving household finance
10.1002/9780470061602.eqf18011,"<scp>G</scp>
            losten–
            <scp>M</scp>
            ilgrom Models",other,Wiley,https://doi.org/10.1002/9780470061602.eqf18011,budgeting saving household finance
10.1002/9780470061602.eqf18012,Kyle Model,other,Wiley,https://doi.org/10.1002/9780470061602.eqf18012,budgeting saving household finance
10.1002/9780470061602.eqf18013,Probability of Informed Trading,other,Wiley,https://doi.org/10.1002/9780470061602.eqf18013,budgeting saving household finance
10.1002/9780470061602.eqf18014,Roll Model,other,Wiley,https://doi.org/10.1002/9780470061602.eqf18014,budgeting saving household finance
10.1002/9780470061602.eqf18015,Call Auction Markets,other,Wiley,https://doi.org/10.1002/9780470061602.eqf18015,budgeting saving household finance
10.1002/9780470061602.eqf18017,Limit Order Markets,other,Wiley,https://doi.org/10.1002/9780470061602.eqf18017,budgeting saving household finance
10.1002/9780470061602.eqf18018,Specialist Markets,other,Wiley,https://doi.org/10.1002/9780470061602.eqf18018,budgeting saving household finance
10.1002/9780470061602.eqf18019,Order Types,other,Wiley,https://doi.org/10.1002/9780470061602.eqf18019,budgeting saving household finance
10.1002/9780470061602.eqf18020,Automated Trading,other,Wiley,https://doi.org/10.1002/9780470061602.eqf18020,budgeting saving household finance
10.1002/9780470061602.eqf18021,Market Transparency,other,Wiley,https://doi.org/10.1002/9780470061602.eqf18021,budgeting saving household finance
10.1002/9780470061602.eqf19001,Econometrics of Option Pricing,other,Wiley,https://doi.org/10.1002/9780470061602.eqf19001,budgeting saving household finance
10.1002/9780470061602.eqf19002,Long Range Dependence,other,Wiley,https://doi.org/10.1002/9780470061602.eqf19002,budgeting saving household finance
10.1002/9780470061602.eqf19003,Factor Models,other,Wiley,https://doi.org/10.1002/9780470061602.eqf19003,budgeting saving household finance
10.1002/9780470061602.eqf19004,"Generalized Method of Moments (
            <scp>GMM</scp>
            )",other,Wiley,https://doi.org/10.1002/9780470061602.eqf19004,budgeting saving household finance
10.1002/9780470061602.eqf19006,Stochastic Volatility Models,other,Wiley,https://doi.org/10.1002/9780470061602.eqf19006,budgeting saving household finance
10.1002/9780470061602.eqf19007,Duration Models,other,Wiley,https://doi.org/10.1002/9780470061602.eqf19007,budgeting saving household finance
10.1002/9780470061602.eqf19008,Mixed Data Sampling,other,Wiley,https://doi.org/10.1002/9780470061602.eqf19008,budgeting saving household finance
10.1002/9780470061602.eqf19009,Pricing Kernels,other,Wiley,https://doi.org/10.1002/9780470061602.eqf19009,budgeting saving household finance
10.1002/9780470061602.eqf19010,Entropy‐Based Estimation,other,Wiley,https://doi.org/10.1002/9780470061602.eqf19010,budgeting saving household finance
10.1002/9780470061602.eqf19011,Risk Measures: Statistical Estimation,other,Wiley,https://doi.org/10.1002/9780470061602.eqf19011,budgeting saving household finance
10.1002/9780470061602.eqf19012,Mixture of Distribution Hypothesis,other,Wiley,https://doi.org/10.1002/9780470061602.eqf19012,budgeting saving household finance
10.1002/9780470061602.eqf19013,Market Microstructure Effects,other,Wiley,https://doi.org/10.1002/9780470061602.eqf19013,budgeting saving household finance
10.1002/9780470061602.eqf19014,Simulation‐Based Estimation,other,Wiley,https://doi.org/10.1002/9780470061602.eqf19014,budgeting saving household finance
10.1002/9780470061602.eqf19016,Econometrics of Diffusion Models,other,Wiley,https://doi.org/10.1002/9780470061602.eqf19016,budgeting saving household finance
10.1002/9780470061602.eqf19017,Extreme Value Theory,other,Wiley,https://doi.org/10.1002/9780470061602.eqf19017,budgeting saving household finance
10.1002/9780470061602.eqf19018,Garch Models,other,Wiley,https://doi.org/10.1002/9780470061602.eqf19018,budgeting saving household finance
10.1002/9780470061602.eqf19019,Volatility,other,Wiley,https://doi.org/10.1002/9780470061602.eqf19019,budgeting saving household finance
10.1002/9780470061602.eqf19020,Realized Volatility and Multipower Variation,other,Wiley,https://doi.org/10.1002/9780470061602.eqf19020,budgeting saving household finance
10.1002/9780470061602.eqf19021,Jump Processes,other,Wiley,https://doi.org/10.1002/9780470061602.eqf19021,budgeting saving household finance
10.1002/9780470061602.eqf19022,Autoregressive Moving Average (ARMA) Processes,other,Wiley,https://doi.org/10.1002/9780470061602.eqf19022,budgeting saving household finance
10.1002/9780470061602.eqf19023,Copulas In Econometrics,other,Wiley,https://doi.org/10.1002/9780470061602.eqf19023,budgeting saving household finance
10.1002/9780470061602.eqf19024,Measurements Errors,other,Wiley,https://doi.org/10.1002/9780470061602.eqf19024,budgeting saving household finance
10.1002/9780470061602.eqf19026,Time Change,other,Wiley,https://doi.org/10.1002/9780470061602.eqf19026,budgeting saving household finance
10.1002/9780470061602.eqf19027,Stylized Properties of Asset Returns,other,Wiley,https://doi.org/10.1002/9780470061602.eqf19027,budgeting saving household finance
10.1002/9780470061602.eqf19030,Stochastic Volatility Models: Extremal Behavior,other,Wiley,https://doi.org/10.1002/9780470061602.eqf19030,budgeting saving household finance
10.1002/9780470061602.eqf20001,Securitization,other,Wiley,https://doi.org/10.1002/9780470061602.eqf20001,budgeting saving household finance
10.1002/9780470061602.eqf20002,"<scp>ABS</scp>
            Indices",other,Wiley,https://doi.org/10.1002/9780470061602.eqf20002,budgeting saving household finance
10.1002/9780470061602.eqf20003,Modigliani–Miller Theorem,other,Wiley,https://doi.org/10.1002/9780470061602.eqf20003,budgeting saving household finance
10.1002/9780470061602.eqf20004,Multifractals,other,Wiley,https://doi.org/10.1002/9780470061602.eqf20004,budgeting saving household finance
10.1002/9780470061602.eqf20005,Random Matrix Theory,other,Wiley,https://doi.org/10.1002/9780470061602.eqf20005,budgeting saving household finance
10.1002/9780470061602.eqf20006,Convexity Adjustments,other,Wiley,https://doi.org/10.1002/9780470061602.eqf20006,budgeting saving household finance
10.1002/9780470061602.eqf20007,Algorithmic Trading,other,Wiley,https://doi.org/10.1002/9780470061602.eqf20007,budgeting saving household finance
10.1002/9780470061602.eqf20008,Autocall,other,Wiley,https://doi.org/10.1002/9780470061602.eqf20008,budgeting saving household finance
10.1002/9780470061602.eqf20009,Municipal Bonds,other,Wiley,https://doi.org/10.1002/9780470061602.eqf20009,budgeting saving household finance
10.1002/9780470061602.eqf20012,Asset–Liability Management,other,Wiley,https://doi.org/10.1002/9780470061602.eqf20012,budgeting saving household finance
10.1002/9780470061602.eqf20015,Passport Options,other,Wiley,https://doi.org/10.1002/9780470061602.eqf20015,budgeting saving household finance
10.1002/9780470061602.eqf21001,Ruin Theory,other,Wiley,https://doi.org/10.1002/9780470061602.eqf21001,budgeting saving household finance
10.1002/9780470061602.eqf21002,Cramér–Lundberg Estimates,other,Wiley,https://doi.org/10.1002/9780470061602.eqf21002,budgeting saving household finance
10.1002/9780470061602.eqf21003,Actuarial Premium Principles,other,Wiley,https://doi.org/10.1002/9780470061602.eqf21003,budgeting saving household finance
10.1002/9780470061602.eqf21004,Reinsurance,other,Wiley,https://doi.org/10.1002/9780470061602.eqf21004,budgeting saving household finance
10.1002/9780470061602.eqf21005,Catastrophe Bonds,other,Wiley,https://doi.org/10.1002/9780470061602.eqf21005,budgeting saving household finance
10.1002/9780470061602.eqf21006,Insurance Derivatives,other,Wiley,https://doi.org/10.1002/9780470061602.eqf21006,budgeting saving household finance
10.1002/9780470061602.eqf21007,Copulas in Insurance,other,Wiley,https://doi.org/10.1002/9780470061602.eqf21007,budgeting saving household finance
10.1002/9780470061602.eqf21008,Heavy Tails in Insurance,other,Wiley,https://doi.org/10.1002/9780470061602.eqf21008,budgeting saving household finance
10.1002/9780470061602.eqf21009,Insurance Risk Models,other,Wiley,https://doi.org/10.1002/9780470061602.eqf21009,budgeting saving household finance
10.1002/9780470061602.eqf21011,Solvency,other,Wiley,https://doi.org/10.1002/9780470061602.eqf21011,budgeting saving household finance
10.1002/9780470061602.eqf21012,Cramér's Theorem,other,Wiley,https://doi.org/10.1002/9780470061602.eqf21012,budgeting saving household finance
10.1002/9780470061602.eqf21013,Accumulated Claims,other,Wiley,https://doi.org/10.1002/9780470061602.eqf21013,budgeting saving household finance
10.1002/9780470061602.eqf21014,Gerber–Shiu Function,other,Wiley,https://doi.org/10.1002/9780470061602.eqf21014,budgeting saving household finance
10.1002/9780470061602.eqf21015,Ruin Models with Investment Income,other,Wiley,https://doi.org/10.1002/9780470061602.eqf21015,budgeting saving household finance
10.1002/9780470061602.eqf21017,Phase‐Type Distribution,other,Wiley,https://doi.org/10.1002/9780470061602.eqf21017,budgeting saving household finance
10.1002/9780470061602.eqf21019,Credibility Theory,other,Wiley,https://doi.org/10.1002/9780470061602.eqf21019,budgeting saving household finance
10.1002/9780470061602.eqf21020,Life Insurance,other,Wiley,https://doi.org/10.1002/9780470061602.eqf21020,budgeting saving household finance
10.1002/9780470061602.eqf21023,Stochastic Control in Insurance,other,Wiley,https://doi.org/10.1002/9780470061602.eqf21023,budgeting saving household finance
10.1002/9780470061602.eqf21024,Esscher Transform,other,Wiley,https://doi.org/10.1002/9780470061602.eqf21024,budgeting saving household finance
10.1002/9780470061602.eqf21026,Large Deviations,other,Wiley,https://doi.org/10.1002/9780470061602.eqf21026,budgeting saving household finance
10.1002/9780470373699,Encyclopedia of Special Education,reference-book,Wiley,https://doi.org/10.1002/9780470373699,personal finance education
10.1002/9780470400531.eorms0282,Effective Application of Guided Local Search,other,Wiley,https://doi.org/10.1002/9780470400531.eorms0282,search query intent
10.1002/9780470400531.eorms0369,Guided Local Search,other,Wiley,https://doi.org/10.1002/9780470400531.eorms0369,search query intent
10.1002/9780470400531.eorms0704,Random Search Algorithms,other,Wiley,https://doi.org/10.1002/9780470400531.eorms0704,search query intent
10.1002/9780470400531.eorms0741,Sales Optimization Models—Sales Force Territory Planning,other,Wiley,https://doi.org/10.1002/9780470400531.eorms0741,retirement planning calculator
10.1002/9780470479216.corpsy0022,Advertising Psychology,other,Wiley,https://doi.org/10.1002/9780470479216.corpsy0022,online advertising measurement
10.1002/9780470479216.corpsy0029,"Aging, Physiological and Behavioral Concomitants of",other,Wiley,https://doi.org/10.1002/9780470479216.corpsy0029,behavioral economics saving
10.1002/9780470479216.corpsy0086,Association for Behavioral and Cognitive Therapies,other,Wiley,https://doi.org/10.1002/9780470479216.corpsy0086,behavioral economics saving
10.1002/9780470479216.corpsy0117,Behavioral Activation,other,Wiley,https://doi.org/10.1002/9780470479216.corpsy0117,behavioral economics saving
10.1002/9780470479216.corpsy0118,Behavioral Assessment,other,Wiley,https://doi.org/10.1002/9780470479216.corpsy0118,behavioral economics saving
10.1002/9780470479216.corpsy0119,Behavioral Inhibition,other,Wiley,https://doi.org/10.1002/9780470479216.corpsy0119,behavioral economics saving
10.1002/9780470479216.corpsy0120,Behavioral Modeling,other,Wiley,https://doi.org/10.1002/9780470479216.corpsy0120,behavioral economics saving
10.1002/9780470479216.corpsy0121,Behavioral Observation,other,Wiley,https://doi.org/10.1002/9780470479216.corpsy0121,behavioral economics saving
10.1002/9780470479216.corpsy0122,Behavioral Pediatrics,other,Wiley,https://doi.org/10.1002/9780470479216.corpsy0122,behavioral economics saving
10.1002/9780470479216.corpsy0130,Biographical Data,other,Wiley,https://doi.org/10.1002/9780470479216.corpsy0130,structured data semantic web search
10.1002/9780470479216.corpsy0192,Cognitive Behavioral Analysis System of Psychotherapy,other,Wiley,https://doi.org/10.1002/9780470479216.corpsy0192,behavioral economics saving
10.1002/9780470479216.corpsy0214,Computerized Behavioral Assessment,other,Wiley,https://doi.org/10.1002/9780470479216.corpsy0214,behavioral economics saving
10.1002/9780470479216.corpsy0223,Consumer Psychology,other,Wiley,https://doi.org/10.1002/9780470479216.corpsy0223,financial calculator consumer
10.1002/9780470479216.corpsy0224,Consumer Research,other,Wiley,https://doi.org/10.1002/9780470479216.corpsy0224,financial calculator consumer
10.1002/9780470479216.corpsy0228,Conversion Disorder,other,Wiley,https://doi.org/10.1002/9780470479216.corpsy0228,conversion rate optimization web
10.1002/9780470479216.corpsy0242,Cross‐Cultural and Cross‐National Assessment,other,Wiley,https://doi.org/10.1002/9780470479216.corpsy0242,cross lingual information retrieval
10.1002/9780470479216.corpsy0243,Cross‐Cultural Psychology,other,Wiley,https://doi.org/10.1002/9780470479216.corpsy0243,cross lingual information retrieval
10.1002/9780470479216.corpsy0440,Information Processing,other,Wiley,https://doi.org/10.1002/9780470479216.corpsy0440,web search information retrieval
10.1002/9780470479216.corpsy0441,Informed Consent,other,Wiley,https://doi.org/10.1002/9780470479216.corpsy0441,privacy consent digital advertising
10.1002/9780470479216.corpsy0507,Lie Detection,other,Wiley,https://doi.org/10.1002/9780470479216.corpsy0507,web spam detection search
10.1002/9780470479216.corpsy0552,Missing Data,other,Wiley,https://doi.org/10.1002/9780470479216.corpsy0552,structured data semantic web search
10.1002/9780470479216.corpsy0659,Performance‐Based Personality Measures,other,Wiley,https://doi.org/10.1002/9780470479216.corpsy0659,core web vitals performance
10.1002/9780470479216.corpsy0660,Personal Construct Theory,other,Wiley,https://doi.org/10.1002/9780470479216.corpsy0660,personal finance education
10.1002/9780470479216.corpsy0728,"Psychological Measurement, Bias in",other,Wiley,https://doi.org/10.1002/9780470479216.corpsy0728,online advertising measurement
10.1002/9780470479216.corpsy0795,Rewards and Intrinsic Interest,other,Wiley,https://doi.org/10.1002/9780470479216.corpsy0795,compound interest financial education
10.1002/9780470479216.corpsy0812,Sample Size Planning,other,Wiley,https://doi.org/10.1002/9780470479216.corpsy0812,retirement planning calculator
10.1002/9780470479216.corpsy0900,Social Support,other,Wiley,https://doi.org/10.1002/9780470479216.corpsy0900,financial decision support tools
10.1002/9780470479216.corpsy0904,Society for Consumer Psychology,other,Wiley,https://doi.org/10.1002/9780470479216.corpsy0904,financial calculator consumer
10.1002/9780470479216.corpsy0936,Sport Performance Interventions,other,Wiley,https://doi.org/10.1002/9780470479216.corpsy0936,core web vitals performance
10.1002/9780470479216.corpsy0940,Standard Error of Measurement,other,Wiley,https://doi.org/10.1002/9780470479216.corpsy0940,online advertising measurement
10.1002/9780470479216.corpsy0950,Strong Interest Inventory,other,Wiley,https://doi.org/10.1002/9780470479216.corpsy0950,compound interest financial education
10.1002/9780470479216.corpsy0955,Structured and Semistructured Interviews,other,Wiley,https://doi.org/10.1002/9780470479216.corpsy0955,structured data semantic web search
10.1002/9780470479216.corpsy0956,Structured Clinical Interview for DSM Diagnosis,other,Wiley,https://doi.org/10.1002/9780470479216.corpsy0956,structured data semantic web search
10.1002/9780470479216.corpsy0957,Structured Interview of Reported Symptoms,other,Wiley,https://doi.org/10.1002/9780470479216.corpsy0957,structured data semantic web search
10.1002/9780470479216.corpsy2004,Early Childhood Education,other,Wiley,https://doi.org/10.1002/9780470479216.corpsy2004,personal finance education
10.1002/9780470515211.ch11,Modeling Network Traffic,other,Wiley,https://doi.org/10.1002/9780470515211.ch11,advertising invalid traffic fraud
10.1002/9780470530177.app1,Appendix A: Career Planning Workbook,other,Wiley,https://doi.org/10.1002/9780470530177.app1,retirement planning calculator
10.1002/9780470530177.ch11,Phases of Retirement Planning: Beginning with the Young Engineers,other,Wiley,https://doi.org/10.1002/9780470530177.ch11,retirement planning calculator
10.1002/9780470530177.ch36,Understanding the Job Search Process,other,Wiley,https://doi.org/10.1002/9780470530177.ch36,search query intent
10.1002/9780470530177.ch48,Basic Financial Management 101,other,Wiley,https://doi.org/10.1002/9780470530177.ch48,financial calculator consumer
10.1002/9780470549070.ch3,Performance Criteria for Blast‐Resistant Structural Components,other,Wiley,https://doi.org/10.1002/9780470549070.ch3,web performance user experience
10.1002/9780470549070.ch4,Materials Performance,other,Wiley,https://doi.org/10.1002/9780470549070.ch4,web performance user experience
10.1002/9780470549070.ch5,Performance Verification,other,Wiley,https://doi.org/10.1002/9780470549070.ch5,web performance user experience
10.1002/9780470549179.ch15,Program Planning Process,other,Wiley,https://doi.org/10.1002/9780470549179.ch15,retirement planning calculator
10.1002/9780470567203,Fundamentals of Performance Evaluation of Computer and Telecommunication Systems,monograph,Wiley,https://doi.org/10.1002/9780470567203,core web vitals performance
10.1002/9780470567203.app1,Appendix A: Table of Standard Normal (Z) Distribution,other,Wiley,https://doi.org/10.1002/9780470567203.app1,core web vitals performance
10.1002/9780470567203.app2,Appendix B: Commonly Used Normal Quantiles,other,Wiley,https://doi.org/10.1002/9780470567203.app2,core web vitals performance
10.1002/9780470567203.app3,Appendix C: Quantiles of Unit Normal Distribution,other,Wiley,https://doi.org/10.1002/9780470567203.app3,core web vitals performance
10.1002/9780470567203.app4,"Appendix D: Quantiles of Student's T‐Distribution with
            <i>V</i>
            Degrees of Freedom",other,Wiley,https://doi.org/10.1002/9780470567203.app4,core web vitals performance
10.1002/9780470567203.ch1,Introduction and Basic Concepts,other,Wiley,https://doi.org/10.1002/9780470567203.ch1,core web vitals performance
10.1002/9780470567203.ch10,Commonly Used Distributions in Simulation and their Applications,other,Wiley,https://doi.org/10.1002/9780470567203.ch10,core web vitals performance
10.1002/9780470567203.ch11,Analysis of Simulation Results,other,Wiley,https://doi.org/10.1002/9780470567203.ch11,core web vitals performance
10.1002/9780470567203.ch12,Simulation Software and Case Studies,other,Wiley,https://doi.org/10.1002/9780470567203.ch12,core web vitals performance
10.1002/9780470567203.ch2,Probability Theory Review,other,Wiley,https://doi.org/10.1002/9780470567203.ch2,core web vitals performance
10.1002/9780470567203.ch3,Measurement/Testing Technique,other,Wiley,https://doi.org/10.1002/9780470567203.ch3,core web vitals performance
10.1002/9780470567203.ch4,Benchmarking and Capacity Planning,other,Wiley,https://doi.org/10.1002/9780470567203.ch4,core web vitals performance
10.1002/9780470567203.ch5,Data Representation and Advanced Topics on Validation Modeling,other,Wiley,https://doi.org/10.1002/9780470567203.ch5,structured data semantic web search
10.1002/9780470567203.ch6,Basics of Queueing Theory,other,Wiley,https://doi.org/10.1002/9780470567203.ch6,core web vitals performance
10.1002/9780470567203.ch7,Queueing Networks,other,Wiley,https://doi.org/10.1002/9780470567203.ch7,core web vitals performance
10.1002/9780470567203.ch8,Operational and Mean Value Analysis,other,Wiley,https://doi.org/10.1002/9780470567203.ch8,core web vitals performance
10.1002/9780470567203.ch9,Introduction to Simulation Technique,other,Wiley,https://doi.org/10.1002/9780470567203.ch9,core web vitals performance
10.1002/9780470567203.fmatter,Frontmatter,other,Wiley,https://doi.org/10.1002/9780470567203.fmatter,core web vitals performance
10.1002/9780470567203.index,Index,other,Wiley,https://doi.org/10.1002/9780470567203.index,core web vitals performance
10.1002/9780470567845.ch4,Introduction to Language‐Integrated Query (LINQ),other,Wiley,https://doi.org/10.1002/9780470567845.ch4,search query intent
10.1002/9780470567845.ch5,Data Selection Query with Visual C#.NET,other,Wiley,https://doi.org/10.1002/9780470567845.ch5,search query intent
10.1002/9780470567845.ch9,ASP.NET Web Services,other,Wiley,https://doi.org/10.1002/9780470567845.ch9,web crawling indexing
10.1002/9780470569962.ch11,Similarity Analysis and Knowledge Acquisition by Use of Evolving Neural Models and Fuzzy Decision,other,Wiley,https://doi.org/10.1002/9780470569962.ch11,knowledge graph search
10.1002/9780470571224.pse004,Molecular Similarity Methods and<scp>QSAR</scp>Models As Tools for Virtual Screening,other,Wiley,https://doi.org/10.1002/9780470571224.pse004,financial literacy digital tools
10.1002/9780470571224.pse069,Preclinical Drug Development Planning,other,Wiley,https://doi.org/10.1002/9780470571224.pse069,retirement planning calculator
10.1002/9780470571224.pse126,"Drug Metabolism in Regulatory Guidances, Clinical Trials, and Product Labeling",other,Wiley,https://doi.org/10.1002/9780470571224.pse126,digital product user retention
10.1002/9780470571224.pse167,Demonstration of Comparability of a Licensed Product after a Manufacturing Change,other,Wiley,https://doi.org/10.1002/9780470571224.pse167,digital product user retention
10.1002/9780470571224.pse183,Toxicology of Oligonucleotide Therapeutics and Understanding the Relevance of the Toxicities,other,Wiley,https://doi.org/10.1002/9780470571224.pse183,search ranking relevance
10.1002/9780470571224.pse206,Organization and Planning,other,Wiley,https://doi.org/10.1002/9780470571224.pse206,retirement planning calculator
10.1002/9780470571224.pse286,"Ethics of Biomarkers: the Borders of Investigative Research, Informed Consent, and Patient Protection",other,Wiley,https://doi.org/10.1002/9780470571224.pse286,privacy consent digital advertising
10.1002/9780470571224.pse290,From Gene to Product: the Advantage of Integrative Biotechnology,other,Wiley,https://doi.org/10.1002/9780470571224.pse290,digital product user retention
10.1002/9780470571224.pse343,Sterile Product Manufacturing,other,Wiley,https://doi.org/10.1002/9780470571224.pse343,digital product user retention
10.1002/9780470571224.pse385,Chemical Imaging and Chemometrics: Useful Tools for Process Analytical Technology,other,Wiley,https://doi.org/10.1002/9780470571224.pse385,financial literacy digital tools
10.1002/9780470571224.pse393,Pharmaceutical Product Stability,other,Wiley,https://doi.org/10.1002/9780470571224.pse393,digital product user retention
10.1002/9780470571224.pse403,Karl Fischer Titration: Determination of Water Content in Pharmaceuticals,other,Wiley,https://doi.org/10.1002/9780470571224.pse403,canonical URL duplicate content
10.1002/9780470572757.ch5,Fraud and Misconduct in Clinical Research,other,Wiley,https://doi.org/10.1002/9780470572757.ch5,advertising invalid traffic fraud
10.1002/9780470579398,Mobile Intelligence,edited-book,Wiley,https://doi.org/10.1002/9780470579398,mobile web search usability
10.1002/9780470579398.ch1,A Survey of State‐of‐the‐Art Routing Protocols for Mobile Ad Hoc Networks,other,Wiley,https://doi.org/10.1002/9780470579398.ch1,mobile web search usability
10.1002/9780470579398.ch10,Next Generation Location‐based Services: Merging Positioning and Web 2.0,other,Wiley,https://doi.org/10.1002/9780470579398.ch10,programmatic SEO web content
10.1002/9780470579398.ch11,Data Mining for Moving Object Databases,other,Wiley,https://doi.org/10.1002/9780470579398.ch11,mobile web search usability
10.1002/9780470579398.ch12,Mobile Data Mining on Small Devices through Web Services,other,Wiley,https://doi.org/10.1002/9780470579398.ch12,programmatic SEO web content
10.1002/9780470579398.ch13,Context Awareness: A Formal Foundation,other,Wiley,https://doi.org/10.1002/9780470579398.ch13,mobile web search usability
10.1002/9780470579398.ch14,Experiences with a Smart Office Project,other,Wiley,https://doi.org/10.1002/9780470579398.ch14,mobile web search usability
10.1002/9780470579398.ch15,An Agent‐Based Architecture for Providing Enhanced Communication Services,other,Wiley,https://doi.org/10.1002/9780470579398.ch15,mobile web search usability
10.1002/9780470579398.ch16,MANET Routing Security,other,Wiley,https://doi.org/10.1002/9780470579398.ch16,mobile web search usability
10.1002/9780470579398.ch17,An Online Scheme for Threat Detection Within Mobile Ad Hoc Networks,other,Wiley,https://doi.org/10.1002/9780470579398.ch17,mobile web search usability
10.1002/9780470579398.ch18,SMRTI: Secure Mobile Ad Hoc Network Routing with Trust Intrigue,other,Wiley,https://doi.org/10.1002/9780470579398.ch18,mobile web search usability
10.1002/9780470579398.ch19,Managing Privacy in Location‐Based Access Control Systems,other,Wiley,https://doi.org/10.1002/9780470579398.ch19,mobile web search usability
10.1002/9780470579398.ch2,Connected Dominating Set for Topology Control in Ad Hoc Networks,other,Wiley,https://doi.org/10.1002/9780470579398.ch2,mobile web search usability
10.1002/9780470579398.ch20,VoiceXML‐Enabled Intelligent Mobile Services,other,Wiley,https://doi.org/10.1002/9780470579398.ch20,mobile web search usability
10.1002/9780470579398.ch21,User Adaptive Video Retrieval on Mobile Devices,other,Wiley,https://doi.org/10.1002/9780470579398.ch21,multilingual information retrieval
10.1002/9780470579398.ch22,A Ubiquitous Fashionable Computer with an i‐Throw Device on a Location‐based Service Environment,other,Wiley,https://doi.org/10.1002/9780470579398.ch22,mobile web search usability
10.1002/9780470579398.ch23,Energy Efficiency for Mobile Multimedia Replay,other,Wiley,https://doi.org/10.1002/9780470579398.ch23,mobile web search usability
10.1002/9780470579398.ch24,Efficient Data‐Centric Storage Mechanisms in Wireless Sensor Networks,other,Wiley,https://doi.org/10.1002/9780470579398.ch24,mobile web search usability
10.1002/9780470579398.ch25,Tracking in Wireless Sensor Networks,other,Wiley,https://doi.org/10.1002/9780470579398.ch25,mobile web search usability
10.1002/9780470579398.ch26,DDoS Attack Modeling and Detection in Wireless Sensor Networks,other,Wiley,https://doi.org/10.1002/9780470579398.ch26,mobile web search usability
10.1002/9780470579398.ch27,Energy‐Efficient Pattern Recognition for Wireless Sensor Networks,other,Wiley,https://doi.org/10.1002/9780470579398.ch27,mobile web search usability
10.1002/9780470579398.ch3,An Intelligent Way to Reduce Channel Under‐Utilization in Mobile Ad Hoc Networks,other,Wiley,https://doi.org/10.1002/9780470579398.ch3,mobile web search usability
10.1002/9780470579398.ch4,Mobility in Publish/Subscribe Systems,other,Wiley,https://doi.org/10.1002/9780470579398.ch4,mobile web search usability
10.1002/9780470579398.ch5,Cross‐Layer Design Framework for Adaptive Cooperative Caching in Mobile Ad Hoc Networks,other,Wiley,https://doi.org/10.1002/9780470579398.ch5,mobile web search usability
10.1002/9780470579398.ch6,Recent Advances in Mobile Agent‐Oriented Applications,other,Wiley,https://doi.org/10.1002/9780470579398.ch6,mobile web search usability
10.1002/9780470579398.ch7,KCLS: A Cluster‐Based Location Service Protocol and Its Applications in Multihop Mobile Networks,other,Wiley,https://doi.org/10.1002/9780470579398.ch7,mobile web search usability
10.1002/9780470579398.ch8,Predictive Location Tracking in Cellular and in Ad Hoc Wireless Networks,other,Wiley,https://doi.org/10.1002/9780470579398.ch8,mobile web search usability
10.1002/9780470579398.ch9,An Efficient Air Index Scheme for Spatial Data Dissemination in Mobile Computing Environments,other,Wiley,https://doi.org/10.1002/9780470579398.ch9,mobile web search usability
10.1002/9780470579398.fmatter,Frontmatter,other,Wiley,https://doi.org/10.1002/9780470579398.fmatter,mobile web search usability
10.1002/9780470579398.index,Index,other,Wiley,https://doi.org/10.1002/9780470579398.index,mobile web search usability
10.1002/9780470579398.scard,Wiley Series on Parallel and Distributed Computing,other,Wiley,https://doi.org/10.1002/9780470579398.scard,mobile web search usability
10.1002/9780470580066.ch1,Basic Tools,other,Wiley,https://doi.org/10.1002/9780470580066.ch1,financial literacy digital tools
10.1002/9780470583067,Smart Data,monograph,Wiley,https://doi.org/10.1002/9780470583067,search engine optimization
10.1002/9780470583067.ch,Introduction: A Comprehensive Overview,other,Wiley,https://doi.org/10.1002/9780470583067.ch,search engine optimization
10.1002/9780470583067.ch1,Context: The Case and Place for Smart Data Strategy,other,Wiley,https://doi.org/10.1002/9780470583067.ch1,search engine optimization
10.1002/9780470583067.ch2,Elements: Smart Data and Smart Data Strategy,other,Wiley,https://doi.org/10.1002/9780470583067.ch2,search engine optimization
10.1002/9780470583067.ch3,Barriers: Overcoming Hurdles and Reaching a New Performance Trajectory,other,Wiley,https://doi.org/10.1002/9780470583067.ch3,search engine optimization
10.1002/9780470583067.ch4,Visionary Ideas: Technical Enablement,other,Wiley,https://doi.org/10.1002/9780470583067.ch4,search engine optimization
10.1002/9780470583067.ch5,CEO's Smart Data Handbook,other,Wiley,https://doi.org/10.1002/9780470583067.ch5,search engine optimization
10.1002/9780470583067.fmatter,Frontmatter,other,Wiley,https://doi.org/10.1002/9780470583067.fmatter,search engine optimization
10.1002/9780470583067.index,Index,other,Wiley,https://doi.org/10.1002/9780470583067.index,search engine optimization
10.1002/9780470583067.scard,Wiley Series in Systems Engineering and Management,other,Wiley,https://doi.org/10.1002/9780470583067.scard,search engine optimization
10.1002/9780470584149.ch1,Basic Statistics: How to Reduce Financial Risk?,other,Wiley,https://doi.org/10.1002/9780470584149.ch1,financial calculator consumer
10.1002/9780470586266.app07,Appendix G: Companion Web Site,other,Wiley,https://doi.org/10.1002/9780470586266.app07,programmatic SEO web content
10.1002/9780470586266.ch26,Computer Optimization,other,Wiley,https://doi.org/10.1002/9780470586266.ch26,search engine optimization
10.1002/9780470588284.ch14,The TRPV1 Channel in Normal Thermoregulation: What Have We Learned from Experiments Using Different Tools?,other,Wiley,https://doi.org/10.1002/9780470588284.ch14,financial literacy digital tools
10.1002/9780470591055.ch8,Network Traffic Control and Bandwidth Allocation,other,Wiley,https://doi.org/10.1002/9780470591055.ch8,advertising invalid traffic fraud
10.1002/9780470593387.ch10,"Microsoft Phoenix, Phoenix‐Targeted Tools, and Our Phoenix Projects",other,Wiley,https://doi.org/10.1002/9780470593387.ch10,financial literacy digital tools
10.1002/9780470593387.ch9,Graph Grammars and Graph Compilers,other,Wiley,https://doi.org/10.1002/9780470593387.ch9,knowledge graph search
10.1002/9780470594193,Planning a Scientific Career in Industry,monograph,Wiley,https://doi.org/10.1002/9780470594193,retirement planning calculator
10.1002/9780470594193.ch1,Thinking about Careers,other,Wiley,https://doi.org/10.1002/9780470594193.ch1,retirement planning calculator
10.1002/9780470594193.ch2,Meet the Industry,other,Wiley,https://doi.org/10.1002/9780470594193.ch2,retirement planning calculator
10.1002/9780470594193.ch3,The Protagonist of Your Career,other,Wiley,https://doi.org/10.1002/9780470594193.ch3,retirement planning calculator
10.1002/9780470594193.ch4,Starting Out,other,Wiley,https://doi.org/10.1002/9780470594193.ch4,retirement planning calculator
10.1002/9780470594193.ch5,Establishing Yourself,other,Wiley,https://doi.org/10.1002/9780470594193.ch5,retirement planning calculator
10.1002/9780470594193.ch6,Leadership and Growth,other,Wiley,https://doi.org/10.1002/9780470594193.ch6,retirement planning calculator
10.1002/9780470594193.fmatter,Frontmatter,other,Wiley,https://doi.org/10.1002/9780470594193.fmatter,retirement planning calculator
10.1002/9780470594193.index,Index,other,Wiley,https://doi.org/10.1002/9780470594193.index,retirement planning calculator
10.1002/9780470599686.ch7,Planning Adaptive Programs,other,Wiley,https://doi.org/10.1002/9780470599686.ch7,retirement planning calculator
10.1002/9780470599686.ch8,Statistics and Decision Making in Adaptive Research,other,Wiley,https://doi.org/10.1002/9780470599686.ch8,financial decision support tools
10.1002/9780470609927.ch28,"Longitudinal Data Collection in Continental Europe: Experiences from the Survey of Health, Ageing, and Retirement in Europe (SHARE)",other,Wiley,https://doi.org/10.1002/9780470609927.ch28,retirement planning calculator
10.1002/9780470648247.ch4,"General Guidelines on Fire Protection, Evacuation, First Responder, and Emergency Planning",other,Wiley,https://doi.org/10.1002/9780470648247.ch4,retirement planning calculator
10.1002/9780470660041.ch7,"Consent, Privacy and Confidentiality",other,Wiley,https://doi.org/10.1002/9780470660041.ch7,privacy consent digital advertising
10.1002/9780470660041.ch8,The 2007 APS Code in Relation to Professional Ethics Education,other,Wiley,https://doi.org/10.1002/9780470660041.ch8,personal finance education
10.1002/9780470660379.ch10,Cardiovascular Toxicities of Life‐Saving Drugs: Antiviral Therapy,other,Wiley,https://doi.org/10.1002/9780470660379.ch10,budgeting saving household finance
10.1002/9780470660393.ch9,Supported Decision Making for Women with Intellectual Disabilities,other,Wiley,https://doi.org/10.1002/9780470660393.ch9,financial decision support tools
10.1002/9780470661291.ch5,Digital Transmission Techniques,other,Wiley,https://doi.org/10.1002/9780470661291.ch5,privacy consent digital advertising
10.1002/9780470661314.ch5,Security and Privacy Mechanisms for Vehicular Networks,other,Wiley,https://doi.org/10.1002/9780470661314.ch5,privacy consent digital advertising
10.1002/9780470661468.ch5,The Use of Visual Search Paradigms to Understand Attentional Biases in Childhood Anxiety,other,Wiley,https://doi.org/10.1002/9780470661468.ch5,search engine optimization
10.1002/9780470665244.ch18,"Tracking, Target Motion Analysis, and Localization",other,Wiley,https://doi.org/10.1002/9780470665244.ch18,website localization search
10.1002/9780470665480.ch21,Measuring Household Resilience to Food Insecurity: Application to Palestinian Households,other,Wiley,https://doi.org/10.1002/9780470665480.ch21,budgeting saving household finance
10.1002/9780470681794.ch3,Multi‐Component Pharmaceutical Crystalline Phases: Engineering for Performance,other,Wiley,https://doi.org/10.1002/9780470681794.ch3,web performance user experience
10.1002/9780470682104.ch2,Basic Equations and Tools,other,Wiley,https://doi.org/10.1002/9780470682104.ch2,financial literacy digital tools
10.1002/9780470682340.ch4,Information to Gather at the Outset of the Evaluation,other,Wiley,https://doi.org/10.1002/9780470682340.ch4,web search information retrieval
10.1002/9780470682340.ch8,The Main Problem Areas of Autism: Behavioral Concerns,other,Wiley,https://doi.org/10.1002/9780470682340.ch8,behavioral economics saving
10.1002/9780470684405.ch7,The Subjugation of Children through Language and Physical Punishment,other,Wiley,https://doi.org/10.1002/9780470684405.ch7,search click through rate
10.1002/9780470685815,Data Mining Techniques in CRM,monograph,Wiley,https://doi.org/10.1002/9780470685815,structured data semantic web search
10.1002/9780470685815.ch1,Data Mining in CRM,other,Wiley,https://doi.org/10.1002/9780470685815.ch1,structured data semantic web search
10.1002/9780470685815.ch2,An Overview of Data Mining Techniques,other,Wiley,https://doi.org/10.1002/9780470685815.ch2,structured data semantic web search
10.1002/9780470685815.ch3,Data Mining Techniques for Segmentation,other,Wiley,https://doi.org/10.1002/9780470685815.ch3,structured data semantic web search
10.1002/9780470685815.ch4,The Mining Data Mart,other,Wiley,https://doi.org/10.1002/9780470685815.ch4,structured data semantic web search
10.1002/9780470685815.ch5,Customer Segmentation,other,Wiley,https://doi.org/10.1002/9780470685815.ch5,structured data semantic web search
10.1002/9780470685815.ch6,Segmentation Applications in Banking,other,Wiley,https://doi.org/10.1002/9780470685815.ch6,structured data semantic web search
10.1002/9780470685815.ch7,Segmentation Applications in Telecommunications,other,Wiley,https://doi.org/10.1002/9780470685815.ch7,structured data semantic web search
10.1002/9780470685815.ch8,Segmentation for Retailers,other,Wiley,https://doi.org/10.1002/9780470685815.ch8,structured data semantic web search
10.1002/9780470685815.fmatter,Front Matter,other,Wiley,https://doi.org/10.1002/9780470685815.fmatter,structured data semantic web search
10.1002/9780470685815.furread,Further Reading,other,Wiley,https://doi.org/10.1002/9780470685815.furread,structured data semantic web search
10.1002/9780470685815.index,Index,other,Wiley,https://doi.org/10.1002/9780470685815.index,structured data semantic web search
10.1002/9780470686034.ch4,Section IV: Education in Forensic Sciences,other,Wiley,https://doi.org/10.1002/9780470686034.ch4,investment education simulator
10.1002/9780470686423,Bioinformatics and Biomarker Discovery,monograph,Wiley,https://doi.org/10.1002/9780470686423,structured data semantic web search
10.1002/9780470686423.ch1,Biomarkers and Bioinformatics,other,Wiley,https://doi.org/10.1002/9780470686423.ch1,structured data semantic web search
10.1002/9780470686423.ch10,Challenges and Research Directions in Bioinformatics and Biomarker Discovery,other,Wiley,https://doi.org/10.1002/9780470686423.ch10,structured data semantic web search
10.1002/9780470686423.ch10c,Guest Commentary (1) on Chapter 10: Towards Building Knowledge‐Based Assistants for Intelligent Data Analysis in Biomarker Discovery,other,Wiley,https://doi.org/10.1002/9780470686423.ch10c,structured data semantic web search
10.1002/9780470686423.ch2,Review of Fundamental Statistical Concepts,other,Wiley,https://doi.org/10.1002/9780470686423.ch2,structured data semantic web search
10.1002/9780470686423.ch3,Biomarker‐Based Prediction Models: Design and Interpretation Principles,other,Wiley,https://doi.org/10.1002/9780470686423.ch3,structured data semantic web search
10.1002/9780470686423.ch4,An Introduction to the Discovery and Analysis of Genotype‐Phenotype Associations,other,Wiley,https://doi.org/10.1002/9780470686423.ch4,structured data semantic web search
10.1002/9780470686423.ch4c,Guest Commentary on Chapter 4: Integrative Approaches to Genotype‐Phenotype Association Discovery,other,Wiley,https://doi.org/10.1002/9780470686423.ch4c,structured data semantic web search
10.1002/9780470686423.ch5,Biomarkers and Gene Expression Data Analysis,other,Wiley,https://doi.org/10.1002/9780470686423.ch5,structured data semantic web search
10.1002/9780470686423.ch5c,Guest Commentary on Chapter 5: Advances in Biomarker Discovery with Gene Expression Data,other,Wiley,https://doi.org/10.1002/9780470686423.ch5c,structured data semantic web search
10.1002/9780470686423.ch6,Proteomics and Metabolomics for Biomarker Discovery: An Introduction to Spectral Data Analysis,other,Wiley,https://doi.org/10.1002/9780470686423.ch6,structured data semantic web search
10.1002/9780470686423.ch6c,Guest Commentary on Chapter 6: Data Integration in Proteomics and Metabolomics for Biomarker Discovery,other,Wiley,https://doi.org/10.1002/9780470686423.ch6c,structured data semantic web search
10.1002/9780470686423.ch7,Disease Biomarkers and Biological Interaction Networks,other,Wiley,https://doi.org/10.1002/9780470686423.ch7,structured data semantic web search
10.1002/9780470686423.ch7c,Guest Commentary on Chapter 7: Commentary on ‘Disease Biomarkers and Biological Interaction Networks’,other,Wiley,https://doi.org/10.1002/9780470686423.ch7c,structured data semantic web search
10.1002/9780470686423.ch8,Integrative Data Analysis for Biomarker Discovery,other,Wiley,https://doi.org/10.1002/9780470686423.ch8,structured data semantic web search
10.1002/9780470686423.ch8c,Guest Commentary on Chapter 8: Data Integration: The Next Big Hope?,other,Wiley,https://doi.org/10.1002/9780470686423.ch8c,structured data semantic web search
10.1002/9780470686423.ch9,Information Resources and Software Tools for Biomarker Discovery,other,Wiley,https://doi.org/10.1002/9780470686423.ch9,web search information retrieval
10.1002/9780470686423.fmatter,Front Matter,other,Wiley,https://doi.org/10.1002/9780470686423.fmatter,structured data semantic web search
10.1002/9780470686423.index,Index,other,Wiley,https://doi.org/10.1002/9780470686423.index,structured data semantic web search
10.1002/9780470686423.refs,References,other,Wiley,https://doi.org/10.1002/9780470686423.refs,structured data semantic web search
10.1002/9780470686584.ch19,Equipping Ourselves as Evidence‐Based Practitioners: Tools and Resources for EBP (Commentary on Section Four),other,Wiley,https://doi.org/10.1002/9780470686584.ch19,financial literacy digital tools
10.1002/9780470686607.ch4,Surfactants Based on Carbohydrates and Proteins for Consumer Products and Technical Applications,other,Wiley,https://doi.org/10.1002/9780470686607.ch4,financial calculator consumer
10.1002/9780470686652.eae483,Air Traffic Management,other,Wiley,https://doi.org/10.1002/9780470686652.eae483,advertising invalid traffic fraud
10.1002/9780470687994.ch2,Building a Rigorous and Relevant Knowledge Base for the Psychological Therapies,other,Wiley,https://doi.org/10.1002/9780470687994.ch2,knowledge graph search
10.1002/9780470687994.ch3,"Scientific, Practical and Personal Decisions in Selecting Qualitative Methods",other,Wiley,https://doi.org/10.1002/9780470687994.ch3,personal finance education
10.1002/9780470688014,ARCH Models for Financial Applications,monograph,Wiley,https://doi.org/10.1002/9780470688014,financial calculator consumer
10.1002/9780470688014.ch1,What is an ARCH Process?,other,Wiley,https://doi.org/10.1002/9780470688014.ch1,financial calculator consumer
10.1002/9780470688014.ch10,ARCH Model Evaluation and Selection,other,Wiley,https://doi.org/10.1002/9780470688014.ch10,financial calculator consumer
10.1002/9780470688014.ch11,Multivariate ARCH Models,other,Wiley,https://doi.org/10.1002/9780470688014.ch11,financial calculator consumer
10.1002/9780470688014.ch2,ARCH Volatility Specifications,other,Wiley,https://doi.org/10.1002/9780470688014.ch2,financial calculator consumer
10.1002/9780470688014.ch3,Fractionally Integrated ARCH Models,other,Wiley,https://doi.org/10.1002/9780470688014.ch3,financial calculator consumer
10.1002/9780470688014.ch4,Volatility Forecasting: An Empirical Example using Eviews 6,other,Wiley,https://doi.org/10.1002/9780470688014.ch4,financial calculator consumer
10.1002/9780470688014.ch5,Other Distributional Assumptions,other,Wiley,https://doi.org/10.1002/9780470688014.ch5,financial calculator consumer
10.1002/9780470688014.ch6,Volatility Forecasting: An Empirical Example using G@RCH Ox,other,Wiley,https://doi.org/10.1002/9780470688014.ch6,financial calculator consumer
10.1002/9780470688014.ch7,Intraday Realized Volatility Models,other,Wiley,https://doi.org/10.1002/9780470688014.ch7,financial calculator consumer
10.1002/9780470688014.ch8,"Applications in Value‐at‐Risk, Expected Shortfall and Options Pricing",other,Wiley,https://doi.org/10.1002/9780470688014.ch8,financial calculator consumer
10.1002/9780470688014.ch9,Implied Volatility Indices and ARCH Models,other,Wiley,https://doi.org/10.1002/9780470688014.ch9,financial calculator consumer
10.1002/9780470688014.fmatter,Front Matter,other,Wiley,https://doi.org/10.1002/9780470688014.fmatter,financial calculator consumer
10.1002/9780470688014.indauth,Author Index,other,Wiley,https://doi.org/10.1002/9780470688014.indauth,financial calculator consumer
10.1002/9780470688014.indsub,Subject Index,other,Wiley,https://doi.org/10.1002/9780470688014.indsub,financial calculator consumer
10.1002/9780470688014.refs,References,other,Wiley,https://doi.org/10.1002/9780470688014.refs,financial calculator consumer
10.1002/9780470688106.ch12,Fundamentals of the Version 4 Perceptual Rendering Intent,other,Wiley,https://doi.org/10.1002/9780470688106.ch12,search query intent
10.1002/9780470688106.ch13,Perceptual Rendering Intent Use Case Issues,other,Wiley,https://doi.org/10.1002/9780470688106.ch13,search query intent
10.1002/9780470688106.ch14,Using ICC Profiles with Digital Camera Images,other,Wiley,https://doi.org/10.1002/9780470688106.ch14,financial literacy digital tools
10.1002/9780470688106.ch17,Orchestrating Color – Tools and Capabilities,other,Wiley,https://doi.org/10.1002/9780470688106.ch17,financial literacy digital tools
10.1002/9780470688106.ch19,Standards for Color Measurement and Viewing,other,Wiley,https://doi.org/10.1002/9780470688106.ch19,online advertising measurement
10.1002/9780470688106.ch20,ICC Recommendations for Color Measurement,other,Wiley,https://doi.org/10.1002/9780470688106.ch20,online advertising measurement
10.1002/9780470688106.ch21,Fluorescence in Measurement,other,Wiley,https://doi.org/10.1002/9780470688106.ch21,online advertising measurement
10.1002/9780470688106.ch22,Measurement Issues and Color Stability in Inkjet Printing,other,Wiley,https://doi.org/10.1002/9780470688106.ch22,online advertising measurement
10.1002/9780470688106.ch4,Common Color Management Workflows and Rendering Intent Usage,other,Wiley,https://doi.org/10.1002/9780470688106.ch4,search query intent
10.1002/9780470688441.ch2,The Cell‐Culture Laboratory (Tools of the Trade),other,Wiley,https://doi.org/10.1002/9780470688441.ch2,financial literacy digital tools
10.1002/9780470688618.taw0128,Historical Introduction: Evolution of Knowledge of the Fungi and Mycoses from Hippocrates to the Twenty-First Century,reference-entry,"John Wiley & Sons, Ltd",https://doi.org/10.1002/9780470688618.taw0128,knowledge graph search
10.1002/9780470689059.ch5,Color Sequential Mobile LCDs,other,Wiley,https://doi.org/10.1002/9780470689059.ch5,mobile web search usability
10.1002/9780470689646.ch3,Content‐Based Spam Email Classification using Machine‐Learning Algorithms,other,Wiley,https://doi.org/10.1002/9780470689646.ch3,programmatic SEO web content
10.1002/9780470689813.ch12,Web‐Mapping Applications and HCI Considerations for their Design,other,Wiley,https://doi.org/10.1002/9780470689813.ch12,web crawling indexing
10.1002/9780470689813.ch7,Application Planning,other,Wiley,https://doi.org/10.1002/9780470689813.ch7,retirement planning calculator
10.1002/9780470689899,Short Message Service (SMS),edited-book,Wiley,https://doi.org/10.1002/9780470689899,personal finance education
10.1002/9780470689899.ch1,Communication Networks in the Early 1980s and the Portfolio of GSM Services,other,Wiley,https://doi.org/10.1002/9780470689899.ch1,personal finance education
10.1002/9780470689899.ch2,Who Invented SMS?,other,Wiley,https://doi.org/10.1002/9780470689899.ch2,personal finance education
10.1002/9780470689899.ch3,The Creation of the SMS Concept from Mid‐1984 to Early 1987,other,Wiley,https://doi.org/10.1002/9780470689899.ch3,personal finance education
10.1002/9780470689899.ch4,The Technical Design of SMS in DGMH from June 1987 to October 1990,other,Wiley,https://doi.org/10.1002/9780470689899.ch4,personal finance education
10.1002/9780470689899.ch5,The Evolution of SMS Features and Specifications from October 1990 to the End of 1996,other,Wiley,https://doi.org/10.1002/9780470689899.ch5,personal finance education
10.1002/9780470689899.ch6,The Evolution of SMS Features and Specifications from the Beginning of 1997 to Mid‐2009,other,Wiley,https://doi.org/10.1002/9780470689899.ch6,personal finance education
10.1002/9780470689899.ch7,Early Commercial Applications and Operational Aspects,other,Wiley,https://doi.org/10.1002/9780470689899.ch7,personal finance education
10.1002/9780470689899.ch8,Global Market Development,other,Wiley,https://doi.org/10.1002/9780470689899.ch8,personal finance education
10.1002/9780470689899.ch9,Conclusions,other,Wiley,https://doi.org/10.1002/9780470689899.ch9,personal finance education
10.1002/9780470689899.fmatter,Front Matter,other,Wiley,https://doi.org/10.1002/9780470689899.fmatter,personal finance education
10.1002/9780470689899.index,Index,other,Wiley,https://doi.org/10.1002/9780470689899.index,personal finance education
10.1002/9780470689899.oth1,Annex 1: Abbreviations Used in Several Parts of the Book,other,Wiley,https://doi.org/10.1002/9780470689899.oth1,personal finance education
10.1002/9780470689899.oth2,Annex 2: Sources for Quoted GSM Documents and Other Documents,other,Wiley,https://doi.org/10.1002/9780470689899.oth2,personal finance education
10.1002/9780470689899.oth3,Annex 3: Meetings of IDEG/WP4/GSM4 and DGMH in the Period from May 1987 to September 1990,other,Wiley,https://doi.org/10.1002/9780470689899.oth3,personal finance education
10.1002/9780470689899.oth4,Annex 4: DGMH Attendance in the Period from May 1987 to September 1990,other,Wiley,https://doi.org/10.1002/9780470689899.oth4,personal finance education
10.1002/9780470689899.oth5,Annex 5: Meetings of GSM4/SMG 4 and DGMH in the Period from October 1990 to the End of 1996,other,Wiley,https://doi.org/10.1002/9780470689899.oth5,personal finance education
10.1002/9780470689899.oth6,Annex 6: DGMH Attendance in the Period from October 1990 to the End of 1996,other,Wiley,https://doi.org/10.1002/9780470689899.oth6,personal finance education
10.1002/9780470689899.oth7,Annex 7: Evolution of GSM Specification 03.40,other,Wiley,https://doi.org/10.1002/9780470689899.oth7,personal finance education
10.1002/9780470689899.oth8,Annex 8: Literature,other,Wiley,https://doi.org/10.1002/9780470689899.oth8,personal finance education
10.1002/9780470689899.oth9,Annex 9: Brief Biographies of the Authors,other,Wiley,https://doi.org/10.1002/9780470689899.oth9,personal finance education
10.1002/9780470710470.ch11,Assessing Statistical Literacy: Take CARE,other,Wiley,https://doi.org/10.1002/9780470710470.ch11,financial literacy digital tools
10.1002/9780470710470.ch9,Assessing Students' Statistical Literacy,other,Wiley,https://doi.org/10.1002/9780470710470.ch9,financial literacy digital tools
10.1002/9780470740019.ch5,UWB Beamforming and Localization,other,Wiley,https://doi.org/10.1002/9780470740019.ch5,website localization search
10.1002/9780470749210.ch1,Measurement of Ligand–G Protein‐Coupled Receptor Interactions,other,Wiley,https://doi.org/10.1002/9780470749210.ch1,online advertising measurement
10.1002/9780470749210.ch11,Measurement and Visualization of G Protein‐coupled Receptor Trafficking by Enzyme‐linked Immunosorbent Assay and Immunofluorescence,other,Wiley,https://doi.org/10.1002/9780470749210.ch11,online advertising measurement
10.1002/9780470749210.ch12,Substituted Cysteine Accessibility Method (SCAM),other,Wiley,https://doi.org/10.1002/9780470749210.ch12,web accessibility content
10.1002/9780470749210.ch8,A Disulfide Cross‐linking Strategy Useful for Studying Ligand‐induced Structural Changes in GPCRs,other,Wiley,https://doi.org/10.1002/9780470749210.ch8,cross lingual information retrieval
10.1002/9780470750025.ch12,Biomass Conversion Inhibitors and<i>In Situ</i>Detoxification,other,Wiley,https://doi.org/10.1002/9780470750025.ch12,conversion rate optimization web
10.1002/9780470750025.ch14,Conversion of Biomass to Ethanol by Other Organisms,other,Wiley,https://doi.org/10.1002/9780470750025.ch14,conversion rate optimization web
10.1002/9780470750025.ch16,Advanced Product Recovery Technologies,other,Wiley,https://doi.org/10.1002/9780470750025.ch16,digital product user retention
10.1002/9780470900208.ch11,Knowledge Management,other,Wiley,https://doi.org/10.1002/9780470900208.ch11,knowledge graph search
10.1002/9780470900208.ch13,"Operational Excellence—Lean Six Sigma, Web‐Based Applications, and SOA",other,Wiley,https://doi.org/10.1002/9780470900208.ch13,programmatic SEO web content
10.1002/9780470900208.ch2,Planning,other,Wiley,https://doi.org/10.1002/9780470900208.ch2,retirement planning calculator
10.1002/9780470900208.ch7,Financial Accounting and Management for Service Systems Engineers,other,Wiley,https://doi.org/10.1002/9780470900208.ch7,financial calculator consumer
10.1002/9780470958193.ch14,Phase Separation of Ice Crystals in Starch‐Based Systems During Freezing and Effects on Moisture Content and Starch Glass Transition,other,Wiley,https://doi.org/10.1002/9780470958193.ch14,canonical URL duplicate content
10.1002/9780470958193.ch45,Effect of Water Content on Physical Properties of Potato Chips,other,Wiley,https://doi.org/10.1002/9780470958193.ch45,canonical URL duplicate content
10.1002/9780470958193.ch53,"Thermal Transitions, Mechanical Properties, and Molecular Mobility in Cornflakes as Affected by Water Content",other,Wiley,https://doi.org/10.1002/9780470958193.ch53,canonical URL duplicate content
10.1002/9780470958193.ch54,Texture of Glassy Tapioca‐Flour–Based Baked Products as a Function of Moisture Content,other,Wiley,https://doi.org/10.1002/9780470958193.ch54,canonical URL duplicate content
10.1002/9780813810898.ch13,The Epigenome and Its Relevance to Somatic Cell Nuclear Transfer and Nuclear Reprogramming,other,Wiley,https://doi.org/10.1002/9780813810898.ch13,search ranking relevance
10.1002/9780813820262.ch9,The Economics of Allocation in Tuna Regional Fisheries Management Organizations,other,Wiley,https://doi.org/10.1002/9780813820262.ch9,behavioral economics saving
10.1002/9781118106907.ch9,Mortgage Debt,other,Wiley,https://doi.org/10.1002/9781118106907.ch9,mortgage loan calculator
10.1002/9781118115800.ch13,Bank Financing of Newsvendor Inventory: Coordinating Loan Schedules,other,Wiley,https://doi.org/10.1002/9781118115800.ch13,mortgage loan calculator
10.1002/9781118182635.efm0086,Valuing Mortgage‐Backed and Asset‐Backed Securities,other,Wiley,https://doi.org/10.1002/9781118182635.efm0086,mortgage loan calculator
10.1002/9781118182635.efm0088,Analysis of Nonagency Mortgage‐Backed Securities,other,Wiley,https://doi.org/10.1002/9781118182635.efm0088,mortgage loan calculator
10.1002/9781118182635.efm0089,Measurement of Prepayments for Residential Mortgage‐Backed Securities,other,Wiley,https://doi.org/10.1002/9781118182635.efm0089,mortgage loan calculator
10.1002/9781118182635.efm0090,Prepayments and Factors Influencing the Return of Principal for Residential Mortgage‐Backed Securities,other,Wiley,https://doi.org/10.1002/9781118182635.efm0090,mortgage loan calculator
10.1002/9781118258248.ch8,Agency Mortgage Passthrough Securities,other,Wiley,https://doi.org/10.1002/9781118258248.ch8,mortgage loan calculator
10.1002/9781118258248.ch9,Agency Collateralized Mortgage Obligations,other,Wiley,https://doi.org/10.1002/9781118258248.ch9,mortgage loan calculator
10.1002/9781118266458.app2,Appendix B: Reverse Mortgage Analytics,other,Wiley,https://doi.org/10.1002/9781118266458.app2,mortgage loan calculator
10.1002/9781118266458.ch1,Reverse Mortgage Primer,other,Wiley,https://doi.org/10.1002/9781118266458.ch1,mortgage loan calculator
10.1002/9781118266458.ch3,HECM Explained: Reverse Mortgages Originated via the Home Equity Conversion Mortgage (HECM) Program,other,Wiley,https://doi.org/10.1002/9781118266458.ch3,mortgage loan calculator
10.1002/9781118266458.ch8,Criteria for Rating U.K. Reverse Mortgage–Backed Securities,other,Wiley,https://doi.org/10.1002/9781118266458.ch8,mortgage loan calculator
10.1002/9781118266588.ch14,"A Decade of Living Dangerously: The Causes and Consequences of the Mortgage, Financial, and Economic Crises",other,Wiley,https://doi.org/10.1002/9781118266588.ch14,mortgage loan calculator
10.1002/9781118266588.ch18,The Subprime Mortgage Problem: Causes and Likely Cure,other,Wiley,https://doi.org/10.1002/9781118266588.ch18,mortgage loan calculator
10.1002/9781118266588.ch22,The Single‐Family Mortgage Industry in the Internet Era: Technology Developments and Market Structure,other,Wiley,https://doi.org/10.1002/9781118266588.ch22,mortgage loan calculator
10.1002/9781118266588.ch23,Speed Kills? Mortgage Credit Boom and the Crisis,other,Wiley,https://doi.org/10.1002/9781118266588.ch23,mortgage loan calculator
10.1002/9781118266588.ch27,Incentives in the Originate‐to‐Distribute Model of Mortgage Production,other,Wiley,https://doi.org/10.1002/9781118266588.ch27,mortgage loan calculator
10.1002/9781118266588.ch30,The Incentives of Mortgage Servicers and Designing Loan Modifications to Address the Mortgage Crisis,other,Wiley,https://doi.org/10.1002/9781118266588.ch30,mortgage loan calculator
10.1002/9781118266588.ch32,Problematic Practices of Credit Rating Agencies: The Neglected Risks of Mortgage‐Backed Securities,other,Wiley,https://doi.org/10.1002/9781118266588.ch32,mortgage loan calculator
10.1002/9781118266588.ch55,Disclosure's Failure in the Subprime Mortgage Crisis,other,Wiley,https://doi.org/10.1002/9781118266588.ch55,mortgage loan calculator
10.1002/9781118266649.ch8,Cash Flow for Mortgage‐Backed Securities and Amortizing Asset‐Backed Securities,other,Wiley,https://doi.org/10.1002/9781118266649.ch8,mortgage loan calculator
10.1002/9781118266649.ch9,Valuation of Mortgage‐Backed and Asset‐Backed Securities,other,Wiley,https://doi.org/10.1002/9781118266649.ch9,mortgage loan calculator
10.1002/9781118266854.ch18,Mortgage Case Studies: Countrywide and Northern Rock,other,Wiley,https://doi.org/10.1002/9781118266854.ch18,mortgage loan calculator
10.1002/9781118266854.ch5,The U.S. Mortgage Market,other,Wiley,https://doi.org/10.1002/9781118266854.ch5,mortgage loan calculator
10.1002/9781118267028.ch16,"Bonds, Asset‐Backed Securities, and Mortgage‐Backed Securities",other,Wiley,https://doi.org/10.1002/9781118267028.ch16,mortgage loan calculator
10.1002/9781118267639.ch11,Residential Mortgages and Mortgage‐Backed Securities,other,Wiley,https://doi.org/10.1002/9781118267639.ch11,mortgage loan calculator
10.1002/9781118267677.ch4,Cre Values and Loan Defaults,other,Wiley,https://doi.org/10.1002/9781118267677.ch4,mortgage loan calculator
10.1002/9781118267752.ch15,Structuring and Pricing Residential Mortgage‐Backed Securities,other,Wiley,https://doi.org/10.1002/9781118267752.ch15,mortgage loan calculator
10.1002/9781118390481.app2,Appendix B: Housing Price Appreciation and Mortgage Credit Performance,other,Wiley,https://doi.org/10.1002/9781118390481.app2,mortgage loan calculator
10.1002/9781118390481.ch10,Subprime Mortgage‐Backed Securities,other,Wiley,https://doi.org/10.1002/9781118390481.ch10,mortgage loan calculator
10.1002/9781118390481.ch11,Commercial Mortgage‐Backed Securities,other,Wiley,https://doi.org/10.1002/9781118390481.ch11,mortgage loan calculator
10.1002/9781118390481.ch6,The Residential Mortgage Market,other,Wiley,https://doi.org/10.1002/9781118390481.ch6,mortgage loan calculator
10.1002/9781118390481.ch7,Residential Mortgage Pass‐Through Securities,other,Wiley,https://doi.org/10.1002/9781118390481.ch7,mortgage loan calculator
10.1002/9781118390481.ch8,Multiclass Mortgage Pass‐Throughs,other,Wiley,https://doi.org/10.1002/9781118390481.ch8,mortgage loan calculator
10.1002/9781118390481.ch9,Private‐Label Mortgage Pass‐Throughs,other,Wiley,https://doi.org/10.1002/9781118390481.ch9,mortgage loan calculator
10.1002/9781118390504.ch11,"Syndicated Loans, Loan‐only Credit Default Swaps and CDS Legal Documentation",other,Wiley,https://doi.org/10.1002/9781118390504.ch11,mortgage loan calculator
10.1002/9781118445112.stat04641,"Mortgage Insurance in the
            <scp>U</scp>
            nited
            <scp>S</scp>
            tates",other,Wiley,https://doi.org/10.1002/9781118445112.stat04641,mortgage loan calculator
10.1002/9781118467343.ch9,Mortgage‐Backed Securities,other,Wiley,https://doi.org/10.1002/9781118467343.ch9,mortgage loan calculator
10.1002/9781118467398.app2,Appendix 2: Mortgage Backed Securities,other,Wiley,https://doi.org/10.1002/9781118467398.app2,mortgage loan calculator
10.1002/9781118531754,The Securitization Markets Handbook,monograph,Wiley,https://doi.org/10.1002/9781118531754,mortgage loan calculator
10.1002/9781118531754.about,About the Authors,other,Wiley,https://doi.org/10.1002/9781118531754.about,mortgage loan calculator
10.1002/9781118531754.ch1,Mortgage‐Backed Securities: Origins of the Market,other,Wiley,https://doi.org/10.1002/9781118531754.ch1,mortgage loan calculator
10.1002/9781118531754.ch10,Credit Risk and Credit Enhancement,other,Wiley,https://doi.org/10.1002/9781118531754.ch10,mortgage loan calculator
10.1002/9781118531754.ch11,Dissecting the Risks of a Pool of Securitized Options ARMs,other,Wiley,https://doi.org/10.1002/9781118531754.ch11,mortgage loan calculator
10.1002/9781118531754.ch2,Price Dynamics of Mortgages and Cash Flows,other,Wiley,https://doi.org/10.1002/9781118531754.ch2,mortgage loan calculator
10.1002/9781118531754.ch3,Valuation of Mortgage‐Backed Securities,other,Wiley,https://doi.org/10.1002/9781118531754.ch3,mortgage loan calculator
10.1002/9781118531754.ch4,"Other Structures in Asset‐Backed Securities: CMOs, PACs, Floaters, Inverse Floaters, CDOs and CDOs‐Squared, and Synthetic CDOs",other,Wiley,https://doi.org/10.1002/9781118531754.ch4,mortgage loan calculator
10.1002/9781118531754.ch5,How Ford Motor Credit Corporation has Used Securitization,other,Wiley,https://doi.org/10.1002/9781118531754.ch5,mortgage loan calculator
10.1002/9781118531754.ch6,Asset‐Backed Commercial Paper,other,Wiley,https://doi.org/10.1002/9781118531754.ch6,mortgage loan calculator
10.1002/9781118531754.ch7,Dealer Floor Plan Loans,other,Wiley,https://doi.org/10.1002/9781118531754.ch7,mortgage loan calculator
10.1002/9781118531754.ch8,Credit Card Receivables,other,Wiley,https://doi.org/10.1002/9781118531754.ch8,mortgage loan calculator
10.1002/9781118531754.ch9,"Investment, Speculation, and Hedging",other,Wiley,https://doi.org/10.1002/9781118531754.ch9,mortgage loan calculator
10.1002/9781118531754.fmatter,Front Matter,other,Wiley,https://doi.org/10.1002/9781118531754.fmatter,mortgage loan calculator
10.1002/9781118531754.index,Index,other,Wiley,https://doi.org/10.1002/9781118531754.index,mortgage loan calculator
10.1002/9781118531785.ch10,The Subprime Mortgage Crisis and Options,other,Wiley,https://doi.org/10.1002/9781118531785.ch10,mortgage loan calculator
10.1002/9781118531839.ch11,Analysis of Mortgage‐Backed Securities: Before and After the Credit Crisis,other,Wiley,https://doi.org/10.1002/9781118531839.ch11,mortgage loan calculator
10.1002/9781118545034.ch7,The Pristine Bullish and Bearish Mortgage Play,other,Wiley,https://doi.org/10.1002/9781118545034.ch7,mortgage loan calculator
10.1002/9781118597217.ch15,An Introduction to Credit Risk: Using Market Signals in Loan Pricing and Performance Measurement,other,Wiley,https://doi.org/10.1002/9781118597217.ch15,mortgage loan calculator
10.1002/9781118597217.ch29,Mortgage‐Backed Securities and Asset‐Backed Securities,other,Wiley,https://doi.org/10.1002/9781118597217.ch29,mortgage loan calculator
10.1002/9781118659069.ch20,Case Study 1: Should Countrywide Join the Subprime Mortgage “Race to the Bottom?”,other,Wiley,https://doi.org/10.1002/9781118659069.ch20,mortgage loan calculator
10.1002/9781118738177.app3,Appendix C: Modeling the Credit‐Driven Prepayment Option of a Loan,other,Wiley,https://doi.org/10.1002/9781118738177.app3,mortgage loan calculator
10.1002/9781118746127.ch19,The Savings and Loan Debacle,other,Wiley,https://doi.org/10.1002/9781118746127.ch19,mortgage loan calculator
10.1002/9781118758779.ch4,The Value of an Assets‐Based Loan Facility (ABLF),other,Wiley,https://doi.org/10.1002/9781118758779.ch4,mortgage loan calculator
10.1002/9781118763155.app6,Appendix F: Introduction to CalcuLatoR Software,other,Wiley,https://doi.org/10.1002/9781118763155.app6,mortgage loan calculator
10.1002/9781118764312.ch3,Loan Agreement,other,Wiley,https://doi.org/10.1002/9781118764312.ch3,mortgage loan calculator
10.1002/9781118764312.ch4,"Loan Repayment, Interest, and Renegotiation",other,Wiley,https://doi.org/10.1002/9781118764312.ch4,mortgage loan calculator
10.1002/9781118818503.ch16,Risk Transfer and Pricing of Illiquid Assets with Loan CDS,other,Wiley,https://doi.org/10.1002/9781118818503.ch16,mortgage loan calculator
10.1002/9781118818503.ch3,Mortgage Credit Risk,other,Wiley,https://doi.org/10.1002/9781118818503.ch3,mortgage loan calculator
10.1002/9781118929421.ch21,Housing Finance in Spain,other,Wiley,https://doi.org/10.1002/9781118929421.ch21,mortgage loan calculator
10.1002/9781118929421.ch24,Milestones in EU Housing and Mortgage Markets,other,Wiley,https://doi.org/10.1002/9781118929421.ch24,mortgage loan calculator
10.1002/9781118929421.ch25,Following On From a Quarter of a Century of Mortgage Debt,other,Wiley,https://doi.org/10.1002/9781118929421.ch25,mortgage loan calculator
10.1002/9781118935835.ch8,Riskless Arbitrage—Stand‐Alone Collateralized Mortgage Obligations (CMOs),other,Wiley,https://doi.org/10.1002/9781118935835.ch8,mortgage loan calculator
10.1002/9781118949108,Investing in Mortgage‐Backed and Asset‐Backed Securities,monograph,Wiley,https://doi.org/10.1002/9781118949108,mortgage loan calculator
10.1002/9781118949108.about,About the Website,other,Wiley,https://doi.org/10.1002/9781118949108.about,mortgage loan calculator
10.1002/9781118949108.biblio,Bibliography,other,Wiley,https://doi.org/10.1002/9781118949108.biblio,mortgage loan calculator
10.1002/9781118949108.ch1,The Time Value of Money,other,Wiley,https://doi.org/10.1002/9781118949108.ch1,mortgage loan calculator
10.1002/9781118949108.ch10,Mortgage Dollar Roll,other,Wiley,https://doi.org/10.1002/9781118949108.ch10,mortgage loan calculator
10.1002/9781118949108.ch11,Relative Value Analysis,other,Wiley,https://doi.org/10.1002/9781118949108.ch11,mortgage loan calculator
10.1002/9781118949108.ch12,Option‐Adjusted Spread Analysis,other,Wiley,https://doi.org/10.1002/9781118949108.ch12,mortgage loan calculator
10.1002/9781118949108.ch13,Introduction to REMICs,other,Wiley,https://doi.org/10.1002/9781118949108.ch13,mortgage loan calculator
10.1002/9781118949108.ch14,Stripped Mortgage‐Backed Securities,other,Wiley,https://doi.org/10.1002/9781118949108.ch14,mortgage loan calculator
10.1002/9781118949108.ch15,Sequentially Structured REMIC,other,Wiley,https://doi.org/10.1002/9781118949108.ch15,mortgage loan calculator
10.1002/9781118949108.ch16,Planned Amortization Class (PAC) and Companion REMICs,other,Wiley,https://doi.org/10.1002/9781118949108.ch16,mortgage loan calculator
10.1002/9781118949108.ch17,Sequential IO REMIC,other,Wiley,https://doi.org/10.1002/9781118949108.ch17,mortgage loan calculator
10.1002/9781118949108.ch18,PAC‐Floater‐Inverse Floater REMIC,other,Wiley,https://doi.org/10.1002/9781118949108.ch18,mortgage loan calculator
10.1002/9781118949108.ch19,"Accrual REMIC
            <i>Z‐Bond</i>",other,Wiley,https://doi.org/10.1002/9781118949108.ch19,mortgage loan calculator
10.1002/9781118949108.ch2,Theories of the Term Structure of Interest Rates,other,Wiley,https://doi.org/10.1002/9781118949108.ch2,mortgage loan calculator
10.1002/9781118949108.ch20,Mortgage Default Modeling,other,Wiley,https://doi.org/10.1002/9781118949108.ch20,mortgage loan calculator
10.1002/9781118949108.ch21,The Predictive Default Model,other,Wiley,https://doi.org/10.1002/9781118949108.ch21,mortgage loan calculator
10.1002/9781118949108.ch22,The Basics of Private‐Label MBS,other,Wiley,https://doi.org/10.1002/9781118949108.ch22,mortgage loan calculator
10.1002/9781118949108.ch23,Sizing Mortgage Credit Enhancement,other,Wiley,https://doi.org/10.1002/9781118949108.ch23,mortgage loan calculator
10.1002/9781118949108.ch3,Fixed‐Income Metrics,other,Wiley,https://doi.org/10.1002/9781118949108.ch3,mortgage loan calculator
10.1002/9781118949108.ch4,The Valuation of Fixed‐Income Securities,other,Wiley,https://doi.org/10.1002/9781118949108.ch4,mortgage loan calculator
10.1002/9781118949108.ch5,Fixed‐Income Return Analysis,other,Wiley,https://doi.org/10.1002/9781118949108.ch5,mortgage loan calculator
10.1002/9781118949108.ch6,Understanding Mortgage Lending and Loans,other,Wiley,https://doi.org/10.1002/9781118949108.ch6,mortgage loan calculator
10.1002/9781118949108.ch7,Modeling Cash Flows,other,Wiley,https://doi.org/10.1002/9781118949108.ch7,mortgage loan calculator
10.1002/9781118949108.ch8,Mortgage Prepayment Analysis,other,Wiley,https://doi.org/10.1002/9781118949108.ch8,mortgage loan calculator
10.1002/9781118949108.ch9,The Predictive Prepayment Model,other,Wiley,https://doi.org/10.1002/9781118949108.ch9,mortgage loan calculator
10.1002/9781118949108.fmatter,Front matter,other,Wiley,https://doi.org/10.1002/9781118949108.fmatter,mortgage loan calculator
10.1002/9781118949108.index,Index,other,Wiley,https://doi.org/10.1002/9781118949108.index,mortgage loan calculator
10.1002/9781119014157.ch18,Mortgage Bonds,other,Wiley,https://doi.org/10.1002/9781119014157.ch18,mortgage loan calculator
10.1002/9781119122869.ch2,USING SAGE MATH AS A CALCULATOR,other,Wiley,https://doi.org/10.1002/9781119122869.ch2,mortgage loan calculator
10.1002/9781119170433.ch19,Interest Rate Optionality in Fixed‐Rate Mortgage,other,Wiley,https://doi.org/10.1002/9781119170433.ch19,mortgage loan calculator
10.1002/9781119186229.ch17,Probability of Loss on Loan Portfolio,other,Wiley,https://doi.org/10.1002/9781119186229.ch17,mortgage loan calculator
10.1002/9781119186229.ch18,Limiting Loan Loss Probability Distribution,other,Wiley,https://doi.org/10.1002/9781119186229.ch18,mortgage loan calculator
